mode: set
github.com/FamCan-RiskAssessment/Backend/internal/application/service/action_log_impl.go:25.21,32.2 1 1
github.com/FamCan-RiskAssessment/Backend/internal/application/service/action_log_impl.go:34.78,65.16 3 1
github.com/FamCan-RiskAssessment/Backend/internal/application/service/action_log_impl.go:65.16,67.3 1 1
github.com/FamCan-RiskAssessment/Backend/internal/application/service/action_log_impl.go:68.2,68.12 1 1
github.com/FamCan-RiskAssessment/Backend/internal/application/service/action_log_impl.go:71.109,76.16 3 1
github.com/FamCan-RiskAssessment/Backend/internal/application/service/action_log_impl.go:76.16,78.3 1 1
github.com/FamCan-RiskAssessment/Backend/internal/application/service/action_log_impl.go:80.2,81.16 2 1
github.com/FamCan-RiskAssessment/Backend/internal/application/service/action_log_impl.go:81.16,83.3 1 1
github.com/FamCan-RiskAssessment/Backend/internal/application/service/action_log_impl.go:85.2,86.39 2 1
github.com/FamCan-RiskAssessment/Backend/internal/application/service/action_log_impl.go:86.39,94.3 1 1
github.com/FamCan-RiskAssessment/Backend/internal/application/service/action_log_impl.go:96.2,96.29 1 1
github.com/FamCan-RiskAssessment/Backend/internal/application/service/action_log_impl.go:99.85,102.41 3 1
github.com/FamCan-RiskAssessment/Backend/internal/application/service/action_log_impl.go:102.41,107.3 1 1
github.com/FamCan-RiskAssessment/Backend/internal/application/service/action_log_impl.go:108.2,108.22 1 1
github.com/FamCan-RiskAssessment/Backend/internal/application/service/calc_service_impl.go:36.16,44.2 1 0
github.com/FamCan-RiskAssessment/Backend/internal/application/service/calc_service_impl.go:46.44,50.43 3 0
github.com/FamCan-RiskAssessment/Backend/internal/application/service/calc_service_impl.go:50.43,52.3 1 0
github.com/FamCan-RiskAssessment/Backend/internal/application/service/calc_service_impl.go:53.2,53.12 1 0
github.com/FamCan-RiskAssessment/Backend/internal/application/service/calc_service_impl.go:56.118,58.16 2 0
github.com/FamCan-RiskAssessment/Backend/internal/application/service/calc_service_impl.go:58.16,60.3 1 0
github.com/FamCan-RiskAssessment/Backend/internal/application/service/calc_service_impl.go:61.2,61.17 1 0
github.com/FamCan-RiskAssessment/Backend/internal/application/service/calc_service_impl.go:61.17,64.3 2 0
github.com/FamCan-RiskAssessment/Backend/internal/application/service/calc_service_impl.go:65.2,66.35 2 0
github.com/FamCan-RiskAssessment/Backend/internal/application/service/calc_service_impl.go:67.23,69.17 2 0
github.com/FamCan-RiskAssessment/Backend/internal/application/service/calc_service_impl.go:69.17,71.4 1 0
github.com/FamCan-RiskAssessment/Backend/internal/application/service/calc_service_impl.go:72.21,74.17 2 0
github.com/FamCan-RiskAssessment/Backend/internal/application/service/calc_service_impl.go:74.17,76.4 1 0
github.com/FamCan-RiskAssessment/Backend/internal/application/service/calc_service_impl.go:77.21,79.17 2 0
github.com/FamCan-RiskAssessment/Backend/internal/application/service/calc_service_impl.go:79.17,81.4 1 0
github.com/FamCan-RiskAssessment/Backend/internal/application/service/calc_service_impl.go:82.21,84.17 2 0
github.com/FamCan-RiskAssessment/Backend/internal/application/service/calc_service_impl.go:84.17,86.4 1 0
github.com/FamCan-RiskAssessment/Backend/internal/application/service/calc_service_impl.go:90.2,92.16 3 0
github.com/FamCan-RiskAssessment/Backend/internal/application/service/calc_service_impl.go:92.16,94.3 1 0
github.com/FamCan-RiskAssessment/Backend/internal/application/service/calc_service_impl.go:96.2,96.22 1 0
github.com/FamCan-RiskAssessment/Backend/internal/application/service/calc_service_impl.go:99.113,101.16 2 0
github.com/FamCan-RiskAssessment/Backend/internal/application/service/calc_service_impl.go:101.16,103.3 1 0
github.com/FamCan-RiskAssessment/Backend/internal/application/service/calc_service_impl.go:105.2,106.16 2 0
github.com/FamCan-RiskAssessment/Backend/internal/application/service/calc_service_impl.go:106.16,108.3 1 0
github.com/FamCan-RiskAssessment/Backend/internal/application/service/calc_service_impl.go:110.2,111.16 2 0
github.com/FamCan-RiskAssessment/Backend/internal/application/service/calc_service_impl.go:111.16,113.3 1 0
github.com/FamCan-RiskAssessment/Backend/internal/application/service/calc_service_impl.go:115.2,143.16 4 0
github.com/FamCan-RiskAssessment/Backend/internal/application/service/calc_service_impl.go:143.16,145.3 1 0
github.com/FamCan-RiskAssessment/Backend/internal/application/service/calc_service_impl.go:148.2,149.16 2 0
github.com/FamCan-RiskAssessment/Backend/internal/application/service/calc_service_impl.go:149.16,151.3 1 0
github.com/FamCan-RiskAssessment/Backend/internal/application/service/calc_service_impl.go:153.2,163.8 3 0
github.com/FamCan-RiskAssessment/Backend/internal/application/service/calc_service_impl.go:166.111,169.16 2 0
github.com/FamCan-RiskAssessment/Backend/internal/application/service/calc_service_impl.go:169.16,171.3 1 0
github.com/FamCan-RiskAssessment/Backend/internal/application/service/calc_service_impl.go:173.2,174.16 2 0
github.com/FamCan-RiskAssessment/Backend/internal/application/service/calc_service_impl.go:174.16,176.3 1 0
github.com/FamCan-RiskAssessment/Backend/internal/application/service/calc_service_impl.go:178.2,178.27 1 0
github.com/FamCan-RiskAssessment/Backend/internal/application/service/calc_service_impl.go:178.27,181.3 2 0
github.com/FamCan-RiskAssessment/Backend/internal/application/service/calc_service_impl.go:183.2,184.16 2 0
github.com/FamCan-RiskAssessment/Backend/internal/application/service/calc_service_impl.go:184.16,186.3 1 0
github.com/FamCan-RiskAssessment/Backend/internal/application/service/calc_service_impl.go:188.2,188.32 1 0
github.com/FamCan-RiskAssessment/Backend/internal/application/service/calc_service_impl.go:188.32,191.3 2 0
github.com/FamCan-RiskAssessment/Backend/internal/application/service/calc_service_impl.go:194.2,211.16 5 0
github.com/FamCan-RiskAssessment/Backend/internal/application/service/calc_service_impl.go:211.16,213.3 1 0
github.com/FamCan-RiskAssessment/Backend/internal/application/service/calc_service_impl.go:216.2,217.16 2 0
github.com/FamCan-RiskAssessment/Backend/internal/application/service/calc_service_impl.go:217.16,219.3 1 0
github.com/FamCan-RiskAssessment/Backend/internal/application/service/calc_service_impl.go:221.2,231.8 3 0
github.com/FamCan-RiskAssessment/Backend/internal/application/service/calc_service_impl.go:234.111,236.16 2 0
github.com/FamCan-RiskAssessment/Backend/internal/application/service/calc_service_impl.go:236.16,238.3 1 0
github.com/FamCan-RiskAssessment/Backend/internal/application/service/calc_service_impl.go:240.2,241.16 2 0
github.com/FamCan-RiskAssessment/Backend/internal/application/service/calc_service_impl.go:241.16,243.3 1 0
github.com/FamCan-RiskAssessment/Backend/internal/application/service/calc_service_impl.go:245.2,245.27 1 0
github.com/FamCan-RiskAssessment/Backend/internal/application/service/calc_service_impl.go:245.27,248.3 2 0
github.com/FamCan-RiskAssessment/Backend/internal/application/service/calc_service_impl.go:250.2,251.16 2 0
github.com/FamCan-RiskAssessment/Backend/internal/application/service/calc_service_impl.go:251.16,253.3 1 0
github.com/FamCan-RiskAssessment/Backend/internal/application/service/calc_service_impl.go:255.2,255.32 1 0
github.com/FamCan-RiskAssessment/Backend/internal/application/service/calc_service_impl.go:255.32,258.3 2 0
github.com/FamCan-RiskAssessment/Backend/internal/application/service/calc_service_impl.go:261.2,279.16 4 0
github.com/FamCan-RiskAssessment/Backend/internal/application/service/calc_service_impl.go:279.16,281.3 1 0
github.com/FamCan-RiskAssessment/Backend/internal/application/service/calc_service_impl.go:284.2,285.16 2 0
github.com/FamCan-RiskAssessment/Backend/internal/application/service/calc_service_impl.go:285.16,287.3 1 0
github.com/FamCan-RiskAssessment/Backend/internal/application/service/calc_service_impl.go:289.2,299.8 3 0
github.com/FamCan-RiskAssessment/Backend/internal/application/service/calc_service_impl.go:302.121,304.16 2 0
github.com/FamCan-RiskAssessment/Backend/internal/application/service/calc_service_impl.go:304.16,306.3 1 0
github.com/FamCan-RiskAssessment/Backend/internal/application/service/calc_service_impl.go:307.2,307.17 1 0
github.com/FamCan-RiskAssessment/Backend/internal/application/service/calc_service_impl.go:307.17,310.3 2 0
github.com/FamCan-RiskAssessment/Backend/internal/application/service/calc_service_impl.go:312.2,313.16 2 0
github.com/FamCan-RiskAssessment/Backend/internal/application/service/calc_service_impl.go:313.16,315.3 1 0
github.com/FamCan-RiskAssessment/Backend/internal/application/service/calc_service_impl.go:317.2,317.19 1 0
github.com/FamCan-RiskAssessment/Backend/internal/application/service/calc_service_impl.go:317.19,320.3 2 0
github.com/FamCan-RiskAssessment/Backend/internal/application/service/calc_service_impl.go:322.2,333.22 2 0
github.com/FamCan-RiskAssessment/Backend/internal/application/service/calc_service_impl.go:337.117,339.16 2 0
github.com/FamCan-RiskAssessment/Backend/internal/application/service/calc_service_impl.go:339.16,341.3 1 0
github.com/FamCan-RiskAssessment/Backend/internal/application/service/calc_service_impl.go:342.2,342.17 1 0
github.com/FamCan-RiskAssessment/Backend/internal/application/service/calc_service_impl.go:342.17,345.3 2 0
github.com/FamCan-RiskAssessment/Backend/internal/application/service/calc_service_impl.go:347.2,348.16 2 0
github.com/FamCan-RiskAssessment/Backend/internal/application/service/calc_service_impl.go:348.16,350.3 1 0
github.com/FamCan-RiskAssessment/Backend/internal/application/service/calc_service_impl.go:352.2,352.19 1 0
github.com/FamCan-RiskAssessment/Backend/internal/application/service/calc_service_impl.go:352.19,355.3 2 0
github.com/FamCan-RiskAssessment/Backend/internal/application/service/calc_service_impl.go:357.2,365.22 2 0
github.com/FamCan-RiskAssessment/Backend/internal/application/service/calc_service_impl.go:368.117,370.16 2 0
github.com/FamCan-RiskAssessment/Backend/internal/application/service/calc_service_impl.go:370.16,372.3 1 0
github.com/FamCan-RiskAssessment/Backend/internal/application/service/calc_service_impl.go:373.2,373.17 1 0
github.com/FamCan-RiskAssessment/Backend/internal/application/service/calc_service_impl.go:373.17,376.3 2 0
github.com/FamCan-RiskAssessment/Backend/internal/application/service/calc_service_impl.go:378.2,379.16 2 0
github.com/FamCan-RiskAssessment/Backend/internal/application/service/calc_service_impl.go:379.16,381.3 1 0
github.com/FamCan-RiskAssessment/Backend/internal/application/service/calc_service_impl.go:383.2,383.19 1 0
github.com/FamCan-RiskAssessment/Backend/internal/application/service/calc_service_impl.go:383.19,386.3 2 0
github.com/FamCan-RiskAssessment/Backend/internal/application/service/calc_service_impl.go:388.2,393.22 2 0
github.com/FamCan-RiskAssessment/Backend/internal/application/service/calc_service_impl.go:396.117,398.16 2 0
github.com/FamCan-RiskAssessment/Backend/internal/application/service/calc_service_impl.go:398.16,400.3 1 0
github.com/FamCan-RiskAssessment/Backend/internal/application/service/calc_service_impl.go:401.2,401.17 1 0
github.com/FamCan-RiskAssessment/Backend/internal/application/service/calc_service_impl.go:401.17,404.3 2 0
github.com/FamCan-RiskAssessment/Backend/internal/application/service/calc_service_impl.go:406.2,407.16 2 0
github.com/FamCan-RiskAssessment/Backend/internal/application/service/calc_service_impl.go:407.16,409.3 1 0
github.com/FamCan-RiskAssessment/Backend/internal/application/service/calc_service_impl.go:411.2,411.19 1 0
github.com/FamCan-RiskAssessment/Backend/internal/application/service/calc_service_impl.go:411.19,414.3 2 0
github.com/FamCan-RiskAssessment/Backend/internal/application/service/calc_service_impl.go:416.2,422.74 2 0
github.com/FamCan-RiskAssessment/Backend/internal/application/service/calc_service_impl.go:422.74,427.3 1 0
github.com/FamCan-RiskAssessment/Backend/internal/application/service/calc_service_impl.go:429.2,429.22 1 0
github.com/FamCan-RiskAssessment/Backend/internal/application/service/calc_service_impl.go:432.120,434.16 2 0
github.com/FamCan-RiskAssessment/Backend/internal/application/service/calc_service_impl.go:434.16,436.3 1 0
github.com/FamCan-RiskAssessment/Backend/internal/application/service/calc_service_impl.go:438.2,440.16 3 0
github.com/FamCan-RiskAssessment/Backend/internal/application/service/calc_service_impl.go:440.16,442.3 1 0
github.com/FamCan-RiskAssessment/Backend/internal/application/service/calc_service_impl.go:444.2,447.16 3 0
github.com/FamCan-RiskAssessment/Backend/internal/application/service/calc_service_impl.go:447.16,449.3 1 0
github.com/FamCan-RiskAssessment/Backend/internal/application/service/calc_service_impl.go:450.2,453.16 3 0
github.com/FamCan-RiskAssessment/Backend/internal/application/service/calc_service_impl.go:453.16,455.3 1 0
github.com/FamCan-RiskAssessment/Backend/internal/application/service/calc_service_impl.go:457.2,457.38 1 0
github.com/FamCan-RiskAssessment/Backend/internal/application/service/calc_service_impl.go:457.38,459.3 1 0
github.com/FamCan-RiskAssessment/Backend/internal/application/service/calc_service_impl.go:461.2,463.16 3 0
github.com/FamCan-RiskAssessment/Backend/internal/application/service/calc_service_impl.go:463.16,465.3 1 0
github.com/FamCan-RiskAssessment/Backend/internal/application/service/calc_service_impl.go:467.2,467.28 1 0
github.com/FamCan-RiskAssessment/Backend/internal/application/service/calc_service_impl.go:470.114,472.16 2 0
github.com/FamCan-RiskAssessment/Backend/internal/application/service/calc_service_impl.go:472.16,474.3 1 0
github.com/FamCan-RiskAssessment/Backend/internal/application/service/calc_service_impl.go:477.2,482.16 4 0
github.com/FamCan-RiskAssessment/Backend/internal/application/service/calc_service_impl.go:482.16,484.3 1 0
github.com/FamCan-RiskAssessment/Backend/internal/application/service/calc_service_impl.go:486.2,489.16 3 0
github.com/FamCan-RiskAssessment/Backend/internal/application/service/calc_service_impl.go:489.16,491.3 1 0
github.com/FamCan-RiskAssessment/Backend/internal/application/service/calc_service_impl.go:492.2,495.16 3 0
github.com/FamCan-RiskAssessment/Backend/internal/application/service/calc_service_impl.go:495.16,497.3 1 0
github.com/FamCan-RiskAssessment/Backend/internal/application/service/calc_service_impl.go:499.2,499.38 1 0
github.com/FamCan-RiskAssessment/Backend/internal/application/service/calc_service_impl.go:499.38,501.3 1 0
github.com/FamCan-RiskAssessment/Backend/internal/application/service/calc_service_impl.go:503.2,505.16 3 0
github.com/FamCan-RiskAssessment/Backend/internal/application/service/calc_service_impl.go:505.16,507.3 1 0
github.com/FamCan-RiskAssessment/Backend/internal/application/service/calc_service_impl.go:509.2,509.26 1 0
github.com/FamCan-RiskAssessment/Backend/internal/application/service/calc_service_impl.go:512.114,514.16 2 0
github.com/FamCan-RiskAssessment/Backend/internal/application/service/calc_service_impl.go:514.16,516.3 1 0
github.com/FamCan-RiskAssessment/Backend/internal/application/service/calc_service_impl.go:517.2,524.16 5 0
github.com/FamCan-RiskAssessment/Backend/internal/application/service/calc_service_impl.go:524.16,526.3 1 0
github.com/FamCan-RiskAssessment/Backend/internal/application/service/calc_service_impl.go:528.2,531.16 3 0
github.com/FamCan-RiskAssessment/Backend/internal/application/service/calc_service_impl.go:531.16,533.3 1 0
github.com/FamCan-RiskAssessment/Backend/internal/application/service/calc_service_impl.go:534.2,537.16 3 0
github.com/FamCan-RiskAssessment/Backend/internal/application/service/calc_service_impl.go:537.16,539.3 1 0
github.com/FamCan-RiskAssessment/Backend/internal/application/service/calc_service_impl.go:541.2,541.38 1 0
github.com/FamCan-RiskAssessment/Backend/internal/application/service/calc_service_impl.go:541.38,543.3 1 0
github.com/FamCan-RiskAssessment/Backend/internal/application/service/calc_service_impl.go:545.2,547.16 3 0
github.com/FamCan-RiskAssessment/Backend/internal/application/service/calc_service_impl.go:547.16,549.3 1 0
github.com/FamCan-RiskAssessment/Backend/internal/application/service/calc_service_impl.go:551.2,551.26 1 0
github.com/FamCan-RiskAssessment/Backend/internal/application/service/calc_service_impl.go:554.108,556.16 2 0
github.com/FamCan-RiskAssessment/Backend/internal/application/service/calc_service_impl.go:556.16,558.3 1 0
github.com/FamCan-RiskAssessment/Backend/internal/application/service/calc_service_impl.go:560.2,560.27 1 0
github.com/FamCan-RiskAssessment/Backend/internal/application/service/calc_service_impl.go:560.27,571.3 2 0
github.com/FamCan-RiskAssessment/Backend/internal/application/service/calc_service_impl.go:573.2,580.86 7 0
github.com/FamCan-RiskAssessment/Backend/internal/application/service/calc_service_impl.go:583.102,585.16 2 0
github.com/FamCan-RiskAssessment/Backend/internal/application/service/calc_service_impl.go:585.16,587.3 1 0
github.com/FamCan-RiskAssessment/Backend/internal/application/service/calc_service_impl.go:589.2,589.27 1 0
github.com/FamCan-RiskAssessment/Backend/internal/application/service/calc_service_impl.go:589.27,599.3 2 0
github.com/FamCan-RiskAssessment/Backend/internal/application/service/calc_service_impl.go:601.2,607.84 6 0
github.com/FamCan-RiskAssessment/Backend/internal/application/service/calc_service_impl.go:610.102,612.16 2 0
github.com/FamCan-RiskAssessment/Backend/internal/application/service/calc_service_impl.go:612.16,614.3 1 0
github.com/FamCan-RiskAssessment/Backend/internal/application/service/calc_service_impl.go:616.2,616.27 1 0
github.com/FamCan-RiskAssessment/Backend/internal/application/service/calc_service_impl.go:616.27,623.3 2 0
github.com/FamCan-RiskAssessment/Backend/internal/application/service/calc_service_impl.go:625.2,626.38 2 0
github.com/FamCan-RiskAssessment/Backend/internal/application/service/calc_service_impl.go:626.38,628.3 1 0
github.com/FamCan-RiskAssessment/Backend/internal/application/service/calc_service_impl.go:630.2,630.84 1 0
github.com/FamCan-RiskAssessment/Backend/internal/application/service/calc_service_impl.go:633.111,635.16 2 0
github.com/FamCan-RiskAssessment/Backend/internal/application/service/calc_service_impl.go:635.16,637.3 1 0
github.com/FamCan-RiskAssessment/Backend/internal/application/service/calc_service_impl.go:639.2,640.16 2 0
github.com/FamCan-RiskAssessment/Backend/internal/application/service/calc_service_impl.go:640.16,642.3 1 0
github.com/FamCan-RiskAssessment/Backend/internal/application/service/calc_service_impl.go:644.2,644.27 1 0
github.com/FamCan-RiskAssessment/Backend/internal/application/service/calc_service_impl.go:644.27,647.3 2 0
github.com/FamCan-RiskAssessment/Backend/internal/application/service/calc_service_impl.go:649.2,650.16 2 0
github.com/FamCan-RiskAssessment/Backend/internal/application/service/calc_service_impl.go:650.16,652.3 1 0
github.com/FamCan-RiskAssessment/Backend/internal/application/service/calc_service_impl.go:654.2,655.16 2 0
github.com/FamCan-RiskAssessment/Backend/internal/application/service/calc_service_impl.go:655.16,657.3 1 0
github.com/FamCan-RiskAssessment/Backend/internal/application/service/calc_service_impl.go:660.2,667.84 4 0
github.com/FamCan-RiskAssessment/Backend/internal/application/service/calc_service_impl.go:667.84,669.3 1 0
github.com/FamCan-RiskAssessment/Backend/internal/application/service/calc_service_impl.go:672.2,673.25 2 0
github.com/FamCan-RiskAssessment/Backend/internal/application/service/calc_service_impl.go:673.25,675.3 1 0
github.com/FamCan-RiskAssessment/Backend/internal/application/service/calc_service_impl.go:678.2,679.40 2 0
github.com/FamCan-RiskAssessment/Backend/internal/application/service/calc_service_impl.go:679.40,680.45 1 0
github.com/FamCan-RiskAssessment/Backend/internal/application/service/calc_service_impl.go:680.45,682.9 2 0
github.com/FamCan-RiskAssessment/Backend/internal/application/service/calc_service_impl.go:687.2,692.35 5 0
github.com/FamCan-RiskAssessment/Backend/internal/application/service/calc_service_impl.go:692.35,694.52 2 0
github.com/FamCan-RiskAssessment/Backend/internal/application/service/calc_service_impl.go:694.52,696.4 1 0
github.com/FamCan-RiskAssessment/Backend/internal/application/service/calc_service_impl.go:697.3,697.51 1 0
github.com/FamCan-RiskAssessment/Backend/internal/application/service/calc_service_impl.go:697.51,699.27 2 0
github.com/FamCan-RiskAssessment/Backend/internal/application/service/calc_service_impl.go:699.27,701.5 1 0
github.com/FamCan-RiskAssessment/Backend/internal/application/service/calc_service_impl.go:703.8,703.83 1 0
github.com/FamCan-RiskAssessment/Backend/internal/application/service/calc_service_impl.go:703.83,705.49 1 0
github.com/FamCan-RiskAssessment/Backend/internal/application/service/calc_service_impl.go:705.49,707.4 1 0
github.com/FamCan-RiskAssessment/Backend/internal/application/service/calc_service_impl.go:708.3,708.48 1 0
github.com/FamCan-RiskAssessment/Backend/internal/application/service/calc_service_impl.go:708.48,713.67 2 0
github.com/FamCan-RiskAssessment/Backend/internal/application/service/calc_service_impl.go:713.67,716.5 2 0
github.com/FamCan-RiskAssessment/Backend/internal/application/service/calc_service_impl.go:716.10,719.5 2 0
github.com/FamCan-RiskAssessment/Backend/internal/application/service/calc_service_impl.go:720.4,720.27 1 0
github.com/FamCan-RiskAssessment/Backend/internal/application/service/calc_service_impl.go:720.27,722.5 1 0
github.com/FamCan-RiskAssessment/Backend/internal/application/service/calc_service_impl.go:727.2,749.16 3 0
github.com/FamCan-RiskAssessment/Backend/internal/application/service/calc_service_impl.go:749.16,751.3 1 0
github.com/FamCan-RiskAssessment/Backend/internal/application/service/calc_service_impl.go:754.2,755.16 2 0
github.com/FamCan-RiskAssessment/Backend/internal/application/service/calc_service_impl.go:755.16,757.3 1 0
github.com/FamCan-RiskAssessment/Backend/internal/application/service/calc_service_impl.go:759.2,769.8 3 0
github.com/FamCan-RiskAssessment/Backend/internal/application/service/calc_service_impl.go:772.114,774.16 2 0
github.com/FamCan-RiskAssessment/Backend/internal/application/service/calc_service_impl.go:774.16,776.3 1 0
github.com/FamCan-RiskAssessment/Backend/internal/application/service/calc_service_impl.go:778.2,783.16 4 0
github.com/FamCan-RiskAssessment/Backend/internal/application/service/calc_service_impl.go:783.16,785.3 1 0
github.com/FamCan-RiskAssessment/Backend/internal/application/service/calc_service_impl.go:787.2,790.16 3 0
github.com/FamCan-RiskAssessment/Backend/internal/application/service/calc_service_impl.go:790.16,792.3 1 0
github.com/FamCan-RiskAssessment/Backend/internal/application/service/calc_service_impl.go:793.2,796.16 3 0
github.com/FamCan-RiskAssessment/Backend/internal/application/service/calc_service_impl.go:796.16,798.3 1 0
github.com/FamCan-RiskAssessment/Backend/internal/application/service/calc_service_impl.go:800.2,800.38 1 0
github.com/FamCan-RiskAssessment/Backend/internal/application/service/calc_service_impl.go:800.38,802.3 1 0
github.com/FamCan-RiskAssessment/Backend/internal/application/service/calc_service_impl.go:804.2,806.16 3 0
github.com/FamCan-RiskAssessment/Backend/internal/application/service/calc_service_impl.go:806.16,808.3 1 0
github.com/FamCan-RiskAssessment/Backend/internal/application/service/calc_service_impl.go:810.2,810.26 1 0
github.com/FamCan-RiskAssessment/Backend/internal/application/service/calc_service_impl.go:813.102,815.16 2 0
github.com/FamCan-RiskAssessment/Backend/internal/application/service/calc_service_impl.go:815.16,817.3 1 0
github.com/FamCan-RiskAssessment/Backend/internal/application/service/calc_service_impl.go:819.2,819.27 1 0
github.com/FamCan-RiskAssessment/Backend/internal/application/service/calc_service_impl.go:819.27,827.42 2 0
github.com/FamCan-RiskAssessment/Backend/internal/application/service/calc_service_impl.go:827.42,828.67 1 0
github.com/FamCan-RiskAssessment/Backend/internal/application/service/calc_service_impl.go:828.67,830.5 1 0
github.com/FamCan-RiskAssessment/Backend/internal/application/service/calc_service_impl.go:831.4,831.67 1 0
github.com/FamCan-RiskAssessment/Backend/internal/application/service/calc_service_impl.go:831.67,833.5 1 0
github.com/FamCan-RiskAssessment/Backend/internal/application/service/calc_service_impl.go:836.3,836.81 1 0
github.com/FamCan-RiskAssessment/Backend/internal/application/service/calc_service_impl.go:839.2,843.41 4 0
github.com/FamCan-RiskAssessment/Backend/internal/application/service/calc_service_impl.go:843.41,844.66 1 0
github.com/FamCan-RiskAssessment/Backend/internal/application/service/calc_service_impl.go:844.66,846.4 1 0
github.com/FamCan-RiskAssessment/Backend/internal/application/service/calc_service_impl.go:847.3,847.66 1 0
github.com/FamCan-RiskAssessment/Backend/internal/application/service/calc_service_impl.go:847.66,849.4 1 0
github.com/FamCan-RiskAssessment/Backend/internal/application/service/calc_service_impl.go:852.2,852.84 1 0
github.com/FamCan-RiskAssessment/Backend/internal/application/service/calc_service_impl.go:855.70,856.47 1 0
github.com/FamCan-RiskAssessment/Backend/internal/application/service/calc_service_impl.go:856.47,858.3 1 0
github.com/FamCan-RiskAssessment/Backend/internal/application/service/calc_service_impl.go:860.2,860.45 1 0
github.com/FamCan-RiskAssessment/Backend/internal/application/service/calc_service_impl.go:861.34,862.11 1 0
github.com/FamCan-RiskAssessment/Backend/internal/application/service/calc_service_impl.go:863.35,864.11 1 0
github.com/FamCan-RiskAssessment/Backend/internal/application/service/calc_service_impl.go:865.38,866.12 1 0
github.com/FamCan-RiskAssessment/Backend/internal/application/service/calc_service_impl.go:867.10,868.12 1 0
github.com/FamCan-RiskAssessment/Backend/internal/application/service/calc_service_impl.go:872.64,873.50 1 0
github.com/FamCan-RiskAssessment/Backend/internal/application/service/calc_service_impl.go:873.50,875.3 1 0
github.com/FamCan-RiskAssessment/Backend/internal/application/service/calc_service_impl.go:877.2,878.16 2 0
github.com/FamCan-RiskAssessment/Backend/internal/application/service/calc_service_impl.go:878.16,880.3 1 0
github.com/FamCan-RiskAssessment/Backend/internal/application/service/calc_service_impl.go:880.8,880.23 1 0
github.com/FamCan-RiskAssessment/Backend/internal/application/service/calc_service_impl.go:880.23,882.3 1 0
github.com/FamCan-RiskAssessment/Backend/internal/application/service/calc_service_impl.go:883.2,883.10 1 0
github.com/FamCan-RiskAssessment/Backend/internal/application/service/calc_service_impl.go:886.66,887.34 1 0
github.com/FamCan-RiskAssessment/Backend/internal/application/service/calc_service_impl.go:887.34,889.3 1 0
github.com/FamCan-RiskAssessment/Backend/internal/application/service/calc_service_impl.go:890.2,890.11 1 0
github.com/FamCan-RiskAssessment/Backend/internal/application/service/calc_service_impl.go:893.68,895.33 1 0
github.com/FamCan-RiskAssessment/Backend/internal/application/service/calc_service_impl.go:895.33,897.3 1 0
github.com/FamCan-RiskAssessment/Backend/internal/application/service/calc_service_impl.go:900.2,900.43 1 0
github.com/FamCan-RiskAssessment/Backend/internal/application/service/calc_service_impl.go:900.43,902.3 1 0
github.com/FamCan-RiskAssessment/Backend/internal/application/service/calc_service_impl.go:904.2,908.34 3 0
github.com/FamCan-RiskAssessment/Backend/internal/application/service/calc_service_impl.go:908.34,910.3 1 0
github.com/FamCan-RiskAssessment/Backend/internal/application/service/calc_service_impl.go:913.2,914.14 2 0
github.com/FamCan-RiskAssessment/Backend/internal/application/service/calc_service_impl.go:914.14,916.3 1 0
github.com/FamCan-RiskAssessment/Backend/internal/application/service/calc_service_impl.go:916.8,916.21 1 0
github.com/FamCan-RiskAssessment/Backend/internal/application/service/calc_service_impl.go:916.21,918.3 1 0
github.com/FamCan-RiskAssessment/Backend/internal/application/service/calc_service_impl.go:918.8,918.21 1 0
github.com/FamCan-RiskAssessment/Backend/internal/application/service/calc_service_impl.go:918.21,920.3 1 0
github.com/FamCan-RiskAssessment/Backend/internal/application/service/calc_service_impl.go:920.8,922.3 1 0
github.com/FamCan-RiskAssessment/Backend/internal/application/service/calc_service_impl.go:927.2,927.35 1 0
github.com/FamCan-RiskAssessment/Backend/internal/application/service/calc_service_impl.go:927.35,930.19 1 0
github.com/FamCan-RiskAssessment/Backend/internal/application/service/calc_service_impl.go:930.19,932.4 1 0
github.com/FamCan-RiskAssessment/Backend/internal/application/service/calc_service_impl.go:936.2,936.14 1 0
github.com/FamCan-RiskAssessment/Backend/internal/application/service/calc_service_impl.go:936.14,938.3 1 0
github.com/FamCan-RiskAssessment/Backend/internal/application/service/calc_service_impl.go:940.2,940.17 1 0
github.com/FamCan-RiskAssessment/Backend/internal/application/service/calc_service_impl.go:943.85,944.26 1 0
github.com/FamCan-RiskAssessment/Backend/internal/application/service/calc_service_impl.go:944.26,946.3 1 0
github.com/FamCan-RiskAssessment/Backend/internal/application/service/calc_service_impl.go:948.2,950.34 2 0
github.com/FamCan-RiskAssessment/Backend/internal/application/service/calc_service_impl.go:950.34,954.45 1 0
github.com/FamCan-RiskAssessment/Backend/internal/application/service/calc_service_impl.go:954.45,956.4 1 0
github.com/FamCan-RiskAssessment/Backend/internal/application/service/calc_service_impl.go:960.2,960.16 1 0
github.com/FamCan-RiskAssessment/Backend/internal/application/service/calc_service_impl.go:960.16,962.3 1 0
github.com/FamCan-RiskAssessment/Backend/internal/application/service/calc_service_impl.go:962.8,962.23 1 0
github.com/FamCan-RiskAssessment/Backend/internal/application/service/calc_service_impl.go:962.23,964.3 1 0
github.com/FamCan-RiskAssessment/Backend/internal/application/service/calc_service_impl.go:964.8,964.23 1 0
github.com/FamCan-RiskAssessment/Backend/internal/application/service/calc_service_impl.go:964.23,966.3 1 0
github.com/FamCan-RiskAssessment/Backend/internal/application/service/calc_service_impl.go:968.2,968.11 1 0
github.com/FamCan-RiskAssessment/Backend/internal/application/service/calc_service_impl.go:971.79,975.39 3 0
github.com/FamCan-RiskAssessment/Backend/internal/application/service/calc_service_impl.go:975.39,980.3 1 0
github.com/FamCan-RiskAssessment/Backend/internal/application/service/calc_service_impl.go:981.2,981.17 1 0
github.com/FamCan-RiskAssessment/Backend/internal/application/service/calc_service_impl.go:985.48,986.16 1 0
github.com/FamCan-RiskAssessment/Backend/internal/application/service/calc_service_impl.go:987.23,988.11 1 0
github.com/FamCan-RiskAssessment/Backend/internal/application/service/calc_service_impl.go:989.25,990.11 1 0
github.com/FamCan-RiskAssessment/Backend/internal/application/service/calc_service_impl.go:991.10,992.11 1 0
github.com/FamCan-RiskAssessment/Backend/internal/application/service/calc_service_impl.go:997.63,1001.31 2 0
github.com/FamCan-RiskAssessment/Backend/internal/application/service/calc_service_impl.go:1001.31,1002.43 1 0
github.com/FamCan-RiskAssessment/Backend/internal/application/service/calc_service_impl.go:1002.43,1004.4 1 0
github.com/FamCan-RiskAssessment/Backend/internal/application/service/calc_service_impl.go:1006.2,1006.17 1 0
github.com/FamCan-RiskAssessment/Backend/internal/application/service/calc_service_impl.go:1010.62,1011.26 1 0
github.com/FamCan-RiskAssessment/Backend/internal/application/service/calc_service_impl.go:1011.26,1013.3 1 0
github.com/FamCan-RiskAssessment/Backend/internal/application/service/calc_service_impl.go:1014.2,1015.34 2 0
github.com/FamCan-RiskAssessment/Backend/internal/application/service/calc_service_impl.go:1015.34,1019.44 1 0
github.com/FamCan-RiskAssessment/Backend/internal/application/service/calc_service_impl.go:1019.44,1021.4 1 0
github.com/FamCan-RiskAssessment/Backend/internal/application/service/calc_service_impl.go:1024.2,1024.16 1 0
github.com/FamCan-RiskAssessment/Backend/internal/application/service/calc_service_impl.go:1024.16,1026.3 1 0
github.com/FamCan-RiskAssessment/Backend/internal/application/service/calc_service_impl.go:1027.2,1027.14 1 0
github.com/FamCan-RiskAssessment/Backend/internal/application/service/calc_service_impl.go:1031.70,1032.26 1 0
github.com/FamCan-RiskAssessment/Backend/internal/application/service/calc_service_impl.go:1032.26,1034.3 1 0
github.com/FamCan-RiskAssessment/Backend/internal/application/service/calc_service_impl.go:1035.2,1036.34 2 0
github.com/FamCan-RiskAssessment/Backend/internal/application/service/calc_service_impl.go:1036.34,1040.44 1 0
github.com/FamCan-RiskAssessment/Backend/internal/application/service/calc_service_impl.go:1040.44,1042.25 2 0
github.com/FamCan-RiskAssessment/Backend/internal/application/service/calc_service_impl.go:1042.25,1044.5 1 0
github.com/FamCan-RiskAssessment/Backend/internal/application/service/calc_service_impl.go:1047.2,1047.24 1 0
github.com/FamCan-RiskAssessment/Backend/internal/application/service/calc_service_impl.go:1047.24,1049.3 1 0
github.com/FamCan-RiskAssessment/Backend/internal/application/service/calc_service_impl.go:1050.2,1050.20 1 0
github.com/FamCan-RiskAssessment/Backend/internal/application/service/calc_service_impl.go:1054.61,1055.26 1 0
github.com/FamCan-RiskAssessment/Backend/internal/application/service/calc_service_impl.go:1055.26,1057.3 1 0
github.com/FamCan-RiskAssessment/Backend/internal/application/service/calc_service_impl.go:1058.2,1059.34 2 0
github.com/FamCan-RiskAssessment/Backend/internal/application/service/calc_service_impl.go:1059.34,1063.50 1 0
github.com/FamCan-RiskAssessment/Backend/internal/application/service/calc_service_impl.go:1063.50,1065.4 1 0
github.com/FamCan-RiskAssessment/Backend/internal/application/service/calc_service_impl.go:1067.2,1067.16 1 0
github.com/FamCan-RiskAssessment/Backend/internal/application/service/calc_service_impl.go:1067.16,1069.3 1 0
github.com/FamCan-RiskAssessment/Backend/internal/application/service/calc_service_impl.go:1070.2,1070.14 1 0
github.com/FamCan-RiskAssessment/Backend/internal/application/service/calc_service_impl.go:1074.69,1075.26 1 0
github.com/FamCan-RiskAssessment/Backend/internal/application/service/calc_service_impl.go:1075.26,1077.3 1 0
github.com/FamCan-RiskAssessment/Backend/internal/application/service/calc_service_impl.go:1078.2,1079.34 2 0
github.com/FamCan-RiskAssessment/Backend/internal/application/service/calc_service_impl.go:1079.34,1083.50 1 0
github.com/FamCan-RiskAssessment/Backend/internal/application/service/calc_service_impl.go:1083.50,1085.25 2 0
github.com/FamCan-RiskAssessment/Backend/internal/application/service/calc_service_impl.go:1085.25,1087.5 1 0
github.com/FamCan-RiskAssessment/Backend/internal/application/service/calc_service_impl.go:1090.2,1090.24 1 0
github.com/FamCan-RiskAssessment/Backend/internal/application/service/calc_service_impl.go:1090.24,1092.3 1 0
github.com/FamCan-RiskAssessment/Backend/internal/application/service/calc_service_impl.go:1093.2,1093.20 1 0
github.com/FamCan-RiskAssessment/Backend/internal/application/service/calc_service_impl.go:1097.62,1098.26 1 0
github.com/FamCan-RiskAssessment/Backend/internal/application/service/calc_service_impl.go:1098.26,1100.3 1 0
github.com/FamCan-RiskAssessment/Backend/internal/application/service/calc_service_impl.go:1101.2,1102.34 2 0
github.com/FamCan-RiskAssessment/Backend/internal/application/service/calc_service_impl.go:1102.34,1109.44 1 0
github.com/FamCan-RiskAssessment/Backend/internal/application/service/calc_service_impl.go:1109.44,1111.4 1 0
github.com/FamCan-RiskAssessment/Backend/internal/application/service/calc_service_impl.go:1113.2,1113.16 1 0
github.com/FamCan-RiskAssessment/Backend/internal/application/service/calc_service_impl.go:1113.16,1115.3 1 0
github.com/FamCan-RiskAssessment/Backend/internal/application/service/calc_service_impl.go:1116.2,1116.14 1 0
github.com/FamCan-RiskAssessment/Backend/internal/application/service/calc_service_impl.go:1120.70,1121.26 1 0
github.com/FamCan-RiskAssessment/Backend/internal/application/service/calc_service_impl.go:1121.26,1123.3 1 0
github.com/FamCan-RiskAssessment/Backend/internal/application/service/calc_service_impl.go:1124.2,1125.34 2 0
github.com/FamCan-RiskAssessment/Backend/internal/application/service/calc_service_impl.go:1125.34,1132.44 1 0
github.com/FamCan-RiskAssessment/Backend/internal/application/service/calc_service_impl.go:1132.44,1134.25 2 0
github.com/FamCan-RiskAssessment/Backend/internal/application/service/calc_service_impl.go:1134.25,1136.5 1 0
github.com/FamCan-RiskAssessment/Backend/internal/application/service/calc_service_impl.go:1139.2,1139.24 1 0
github.com/FamCan-RiskAssessment/Backend/internal/application/service/calc_service_impl.go:1139.24,1141.3 1 0
github.com/FamCan-RiskAssessment/Backend/internal/application/service/calc_service_impl.go:1142.2,1142.20 1 0
github.com/FamCan-RiskAssessment/Backend/internal/application/service/calc_service_impl.go:1146.61,1147.26 1 0
github.com/FamCan-RiskAssessment/Backend/internal/application/service/calc_service_impl.go:1147.26,1149.3 1 0
github.com/FamCan-RiskAssessment/Backend/internal/application/service/calc_service_impl.go:1150.2,1151.34 2 0
github.com/FamCan-RiskAssessment/Backend/internal/application/service/calc_service_impl.go:1151.34,1158.50 1 0
github.com/FamCan-RiskAssessment/Backend/internal/application/service/calc_service_impl.go:1158.50,1160.4 1 0
github.com/FamCan-RiskAssessment/Backend/internal/application/service/calc_service_impl.go:1162.2,1162.16 1 0
github.com/FamCan-RiskAssessment/Backend/internal/application/service/calc_service_impl.go:1162.16,1164.3 1 0
github.com/FamCan-RiskAssessment/Backend/internal/application/service/calc_service_impl.go:1165.2,1165.14 1 0
github.com/FamCan-RiskAssessment/Backend/internal/application/service/calc_service_impl.go:1169.69,1170.26 1 0
github.com/FamCan-RiskAssessment/Backend/internal/application/service/calc_service_impl.go:1170.26,1172.3 1 0
github.com/FamCan-RiskAssessment/Backend/internal/application/service/calc_service_impl.go:1173.2,1174.34 2 0
github.com/FamCan-RiskAssessment/Backend/internal/application/service/calc_service_impl.go:1174.34,1181.50 1 0
github.com/FamCan-RiskAssessment/Backend/internal/application/service/calc_service_impl.go:1181.50,1183.25 2 0
github.com/FamCan-RiskAssessment/Backend/internal/application/service/calc_service_impl.go:1183.25,1185.5 1 0
github.com/FamCan-RiskAssessment/Backend/internal/application/service/calc_service_impl.go:1188.2,1188.24 1 0
github.com/FamCan-RiskAssessment/Backend/internal/application/service/calc_service_impl.go:1188.24,1190.3 1 0
github.com/FamCan-RiskAssessment/Backend/internal/application/service/calc_service_impl.go:1191.2,1191.20 1 0
github.com/FamCan-RiskAssessment/Backend/internal/application/service/calc_service_impl.go:1195.66,1196.26 1 0
github.com/FamCan-RiskAssessment/Backend/internal/application/service/calc_service_impl.go:1196.26,1198.3 1 0
github.com/FamCan-RiskAssessment/Backend/internal/application/service/calc_service_impl.go:1200.2,1206.34 2 0
github.com/FamCan-RiskAssessment/Backend/internal/application/service/calc_service_impl.go:1206.34,1209.66 1 0
github.com/FamCan-RiskAssessment/Backend/internal/application/service/calc_service_impl.go:1209.66,1210.34 1 0
github.com/FamCan-RiskAssessment/Backend/internal/application/service/calc_service_impl.go:1210.34,1211.31 1 0
github.com/FamCan-RiskAssessment/Backend/internal/application/service/calc_service_impl.go:1211.31,1213.6 1 0
github.com/FamCan-RiskAssessment/Backend/internal/application/service/calc_service_impl.go:1218.2,1218.10 1 0
github.com/FamCan-RiskAssessment/Backend/internal/application/service/calc_service_impl.go:1222.66,1223.26 1 0
github.com/FamCan-RiskAssessment/Backend/internal/application/service/calc_service_impl.go:1223.26,1225.3 1 0
github.com/FamCan-RiskAssessment/Backend/internal/application/service/calc_service_impl.go:1227.2,1233.34 2 0
github.com/FamCan-RiskAssessment/Backend/internal/application/service/calc_service_impl.go:1233.34,1239.42 1 0
github.com/FamCan-RiskAssessment/Backend/internal/application/service/calc_service_impl.go:1239.42,1240.34 1 0
github.com/FamCan-RiskAssessment/Backend/internal/application/service/calc_service_impl.go:1240.34,1241.31 1 0
github.com/FamCan-RiskAssessment/Backend/internal/application/service/calc_service_impl.go:1241.31,1243.6 1 0
github.com/FamCan-RiskAssessment/Backend/internal/application/service/calc_service_impl.go:1248.2,1248.10 1 0
github.com/FamCan-RiskAssessment/Backend/internal/application/service/calc_service_impl.go:1252.55,1253.31 1 0
github.com/FamCan-RiskAssessment/Backend/internal/application/service/calc_service_impl.go:1253.31,1254.43 1 0
github.com/FamCan-RiskAssessment/Backend/internal/application/service/calc_service_impl.go:1254.43,1256.4 1 0
github.com/FamCan-RiskAssessment/Backend/internal/application/service/calc_service_impl.go:1258.2,1258.10 1 0
github.com/FamCan-RiskAssessment/Backend/internal/application/service/calc_service_impl.go:1262.66,1263.31 1 0
github.com/FamCan-RiskAssessment/Backend/internal/application/service/calc_service_impl.go:1263.31,1264.49 1 0
github.com/FamCan-RiskAssessment/Backend/internal/application/service/calc_service_impl.go:1264.49,1266.4 1 0
github.com/FamCan-RiskAssessment/Backend/internal/application/service/calc_service_impl.go:1268.2,1268.10 1 0
github.com/FamCan-RiskAssessment/Backend/internal/application/service/calc_service_impl.go:1272.54,1273.31 1 0
github.com/FamCan-RiskAssessment/Backend/internal/application/service/calc_service_impl.go:1273.31,1274.49 1 0
github.com/FamCan-RiskAssessment/Backend/internal/application/service/calc_service_impl.go:1274.49,1276.4 1 0
github.com/FamCan-RiskAssessment/Backend/internal/application/service/calc_service_impl.go:1278.2,1278.10 1 0
github.com/FamCan-RiskAssessment/Backend/internal/application/service/calc_service_impl.go:1282.62,1283.31 1 0
github.com/FamCan-RiskAssessment/Backend/internal/application/service/calc_service_impl.go:1283.31,1284.132 1 0
github.com/FamCan-RiskAssessment/Backend/internal/application/service/calc_service_impl.go:1284.132,1286.4 1 0
github.com/FamCan-RiskAssessment/Backend/internal/application/service/calc_service_impl.go:1288.2,1288.10 1 0
github.com/FamCan-RiskAssessment/Backend/internal/application/service/form_service_impl.go:36.16,45.2 1 1
github.com/FamCan-RiskAssessment/Backend/internal/application/service/form_service_impl.go:47.103,48.78 1 1
github.com/FamCan-RiskAssessment/Backend/internal/application/service/form_service_impl.go:48.78,50.3 1 1
github.com/FamCan-RiskAssessment/Backend/internal/application/service/form_service_impl.go:52.2,52.62 1 1
github.com/FamCan-RiskAssessment/Backend/internal/application/service/form_service_impl.go:52.62,54.3 1 1
github.com/FamCan-RiskAssessment/Backend/internal/application/service/form_service_impl.go:56.2,56.19 1 1
github.com/FamCan-RiskAssessment/Backend/internal/application/service/form_service_impl.go:59.71,61.16 2 1
github.com/FamCan-RiskAssessment/Backend/internal/application/service/form_service_impl.go:61.16,63.3 1 1
github.com/FamCan-RiskAssessment/Backend/internal/application/service/form_service_impl.go:65.2,65.33 1 1
github.com/FamCan-RiskAssessment/Backend/internal/application/service/form_service_impl.go:65.33,66.42 1 1
github.com/FamCan-RiskAssessment/Backend/internal/application/service/form_service_impl.go:66.42,68.4 1 1
github.com/FamCan-RiskAssessment/Backend/internal/application/service/form_service_impl.go:71.2,71.19 1 1
github.com/FamCan-RiskAssessment/Backend/internal/application/service/form_service_impl.go:74.73,76.16 2 1
github.com/FamCan-RiskAssessment/Backend/internal/application/service/form_service_impl.go:76.16,78.3 1 0
github.com/FamCan-RiskAssessment/Backend/internal/application/service/form_service_impl.go:80.2,80.33 1 1
github.com/FamCan-RiskAssessment/Backend/internal/application/service/form_service_impl.go:80.33,81.44 1 1
github.com/FamCan-RiskAssessment/Backend/internal/application/service/form_service_impl.go:81.44,83.4 1 1
github.com/FamCan-RiskAssessment/Backend/internal/application/service/form_service_impl.go:86.2,86.19 1 1
github.com/FamCan-RiskAssessment/Backend/internal/application/service/form_service_impl.go:89.106,91.16 2 1
github.com/FamCan-RiskAssessment/Backend/internal/application/service/form_service_impl.go:91.16,93.3 1 1
github.com/FamCan-RiskAssessment/Backend/internal/application/service/form_service_impl.go:95.2,98.33 3 1
github.com/FamCan-RiskAssessment/Backend/internal/application/service/form_service_impl.go:98.33,99.41 1 1
github.com/FamCan-RiskAssessment/Backend/internal/application/service/form_service_impl.go:99.41,101.69 1 1
github.com/FamCan-RiskAssessment/Backend/internal/application/service/form_service_impl.go:101.69,103.5 1 1
github.com/FamCan-RiskAssessment/Backend/internal/application/service/form_service_impl.go:107.2,107.19 1 1
github.com/FamCan-RiskAssessment/Backend/internal/application/service/form_service_impl.go:110.100,118.2 2 1
github.com/FamCan-RiskAssessment/Backend/internal/application/service/form_service_impl.go:120.128,122.16 2 1
github.com/FamCan-RiskAssessment/Backend/internal/application/service/form_service_impl.go:122.16,124.3 1 1
github.com/FamCan-RiskAssessment/Backend/internal/application/service/form_service_impl.go:125.2,125.17 1 1
github.com/FamCan-RiskAssessment/Backend/internal/application/service/form_service_impl.go:125.17,128.3 2 1
github.com/FamCan-RiskAssessment/Backend/internal/application/service/form_service_impl.go:130.2,130.39 1 1
github.com/FamCan-RiskAssessment/Backend/internal/application/service/form_service_impl.go:130.39,132.17 2 1
github.com/FamCan-RiskAssessment/Backend/internal/application/service/form_service_impl.go:132.17,134.4 1 0
github.com/FamCan-RiskAssessment/Backend/internal/application/service/form_service_impl.go:135.3,136.17 2 1
github.com/FamCan-RiskAssessment/Backend/internal/application/service/form_service_impl.go:136.17,138.4 1 0
github.com/FamCan-RiskAssessment/Backend/internal/application/service/form_service_impl.go:139.3,139.22 1 1
github.com/FamCan-RiskAssessment/Backend/internal/application/service/form_service_impl.go:139.22,142.4 2 0
github.com/FamCan-RiskAssessment/Backend/internal/application/service/form_service_impl.go:145.2,151.83 2 1
github.com/FamCan-RiskAssessment/Backend/internal/application/service/form_service_impl.go:151.83,153.3 1 1
github.com/FamCan-RiskAssessment/Backend/internal/application/service/form_service_impl.go:155.2,165.89 2 1
github.com/FamCan-RiskAssessment/Backend/internal/application/service/form_service_impl.go:165.89,167.3 1 0
github.com/FamCan-RiskAssessment/Backend/internal/application/service/form_service_impl.go:170.2,170.39 1 1
github.com/FamCan-RiskAssessment/Backend/internal/application/service/form_service_impl.go:170.39,179.3 2 1
github.com/FamCan-RiskAssessment/Backend/internal/application/service/form_service_impl.go:181.2,190.22 2 1
github.com/FamCan-RiskAssessment/Backend/internal/application/service/form_service_impl.go:193.103,195.16 2 1
github.com/FamCan-RiskAssessment/Backend/internal/application/service/form_service_impl.go:195.16,197.3 1 0
github.com/FamCan-RiskAssessment/Backend/internal/application/service/form_service_impl.go:198.2,198.17 1 1
github.com/FamCan-RiskAssessment/Backend/internal/application/service/form_service_impl.go:198.17,201.3 2 1
github.com/FamCan-RiskAssessment/Backend/internal/application/service/form_service_impl.go:203.2,204.16 2 1
github.com/FamCan-RiskAssessment/Backend/internal/application/service/form_service_impl.go:204.16,206.3 1 0
github.com/FamCan-RiskAssessment/Backend/internal/application/service/form_service_impl.go:207.2,207.10 1 1
github.com/FamCan-RiskAssessment/Backend/internal/application/service/form_service_impl.go:207.10,209.17 2 1
github.com/FamCan-RiskAssessment/Backend/internal/application/service/form_service_impl.go:209.17,211.4 1 0
github.com/FamCan-RiskAssessment/Backend/internal/application/service/form_service_impl.go:212.3,212.15 1 1
github.com/FamCan-RiskAssessment/Backend/internal/application/service/form_service_impl.go:212.15,215.4 2 1
github.com/FamCan-RiskAssessment/Backend/internal/application/service/form_service_impl.go:223.2,224.16 2 1
github.com/FamCan-RiskAssessment/Backend/internal/application/service/form_service_impl.go:224.16,226.3 1 0
github.com/FamCan-RiskAssessment/Backend/internal/application/service/form_service_impl.go:228.2,228.17 1 1
github.com/FamCan-RiskAssessment/Backend/internal/application/service/form_service_impl.go:228.17,230.3 1 1
github.com/FamCan-RiskAssessment/Backend/internal/application/service/form_service_impl.go:232.2,249.18 17 1
github.com/FamCan-RiskAssessment/Backend/internal/application/service/form_service_impl.go:249.18,251.3 1 1
github.com/FamCan-RiskAssessment/Backend/internal/application/service/form_service_impl.go:251.8,253.3 1 1
github.com/FamCan-RiskAssessment/Backend/internal/application/service/form_service_impl.go:254.2,254.16 1 1
github.com/FamCan-RiskAssessment/Backend/internal/application/service/form_service_impl.go:254.16,256.3 1 0
github.com/FamCan-RiskAssessment/Backend/internal/application/service/form_service_impl.go:259.2,259.10 1 1
github.com/FamCan-RiskAssessment/Backend/internal/application/service/form_service_impl.go:259.10,261.3 1 1
github.com/FamCan-RiskAssessment/Backend/internal/application/service/form_service_impl.go:263.2,263.12 1 1
github.com/FamCan-RiskAssessment/Backend/internal/application/service/form_service_impl.go:266.97,268.16 2 1
github.com/FamCan-RiskAssessment/Backend/internal/application/service/form_service_impl.go:268.16,270.3 1 0
github.com/FamCan-RiskAssessment/Backend/internal/application/service/form_service_impl.go:271.2,271.17 1 1
github.com/FamCan-RiskAssessment/Backend/internal/application/service/form_service_impl.go:271.17,274.3 2 0
github.com/FamCan-RiskAssessment/Backend/internal/application/service/form_service_impl.go:276.2,277.16 2 1
github.com/FamCan-RiskAssessment/Backend/internal/application/service/form_service_impl.go:277.16,279.3 1 0
github.com/FamCan-RiskAssessment/Backend/internal/application/service/form_service_impl.go:280.2,280.10 1 1
github.com/FamCan-RiskAssessment/Backend/internal/application/service/form_service_impl.go:280.10,282.17 2 0
github.com/FamCan-RiskAssessment/Backend/internal/application/service/form_service_impl.go:282.17,284.4 1 0
github.com/FamCan-RiskAssessment/Backend/internal/application/service/form_service_impl.go:285.3,285.15 1 0
github.com/FamCan-RiskAssessment/Backend/internal/application/service/form_service_impl.go:285.15,288.4 2 0
github.com/FamCan-RiskAssessment/Backend/internal/application/service/form_service_impl.go:291.2,292.16 2 1
github.com/FamCan-RiskAssessment/Backend/internal/application/service/form_service_impl.go:292.16,294.3 1 0
github.com/FamCan-RiskAssessment/Backend/internal/application/service/form_service_impl.go:295.2,295.17 1 1
github.com/FamCan-RiskAssessment/Backend/internal/application/service/form_service_impl.go:295.17,297.3 1 1
github.com/FamCan-RiskAssessment/Backend/internal/application/service/form_service_impl.go:299.2,329.134 30 1
github.com/FamCan-RiskAssessment/Backend/internal/application/service/form_service_impl.go:329.134,331.40 1 0
github.com/FamCan-RiskAssessment/Backend/internal/application/service/form_service_impl.go:331.40,333.4 1 0
github.com/FamCan-RiskAssessment/Backend/internal/application/service/form_service_impl.go:335.3,336.43 2 0
github.com/FamCan-RiskAssessment/Backend/internal/application/service/form_service_impl.go:339.2,341.14 2 1
github.com/FamCan-RiskAssessment/Backend/internal/application/service/form_service_impl.go:341.14,342.73 1 1
github.com/FamCan-RiskAssessment/Backend/internal/application/service/form_service_impl.go:342.73,343.80 1 1
github.com/FamCan-RiskAssessment/Backend/internal/application/service/form_service_impl.go:343.80,345.5 1 0
github.com/FamCan-RiskAssessment/Backend/internal/application/service/form_service_impl.go:347.4,347.60 1 1
github.com/FamCan-RiskAssessment/Backend/internal/application/service/form_service_impl.go:347.60,348.128 1 0
github.com/FamCan-RiskAssessment/Backend/internal/application/service/form_service_impl.go:348.128,350.6 1 0
github.com/FamCan-RiskAssessment/Backend/internal/application/service/form_service_impl.go:353.4,353.14 1 1
github.com/FamCan-RiskAssessment/Backend/internal/application/service/form_service_impl.go:355.3,355.17 1 1
github.com/FamCan-RiskAssessment/Backend/internal/application/service/form_service_impl.go:355.17,357.4 1 0
github.com/FamCan-RiskAssessment/Backend/internal/application/service/form_service_impl.go:358.8,359.59 1 1
github.com/FamCan-RiskAssessment/Backend/internal/application/service/form_service_impl.go:359.59,360.87 1 0
github.com/FamCan-RiskAssessment/Backend/internal/application/service/form_service_impl.go:360.87,361.106 1 0
github.com/FamCan-RiskAssessment/Backend/internal/application/service/form_service_impl.go:361.106,364.6 1 0
github.com/FamCan-RiskAssessment/Backend/internal/application/service/form_service_impl.go:367.4,367.127 1 0
github.com/FamCan-RiskAssessment/Backend/internal/application/service/form_service_impl.go:367.127,369.5 1 0
github.com/FamCan-RiskAssessment/Backend/internal/application/service/form_service_impl.go:372.3,372.91 1 1
github.com/FamCan-RiskAssessment/Backend/internal/application/service/form_service_impl.go:372.91,374.4 1 0
github.com/FamCan-RiskAssessment/Backend/internal/application/service/form_service_impl.go:378.2,378.10 1 1
github.com/FamCan-RiskAssessment/Backend/internal/application/service/form_service_impl.go:378.10,380.3 1 0
github.com/FamCan-RiskAssessment/Backend/internal/application/service/form_service_impl.go:382.2,382.12 1 1
github.com/FamCan-RiskAssessment/Backend/internal/application/service/form_service_impl.go:385.89,387.16 2 1
github.com/FamCan-RiskAssessment/Backend/internal/application/service/form_service_impl.go:387.16,389.3 1 0
github.com/FamCan-RiskAssessment/Backend/internal/application/service/form_service_impl.go:390.2,390.17 1 1
github.com/FamCan-RiskAssessment/Backend/internal/application/service/form_service_impl.go:390.17,393.3 2 1
github.com/FamCan-RiskAssessment/Backend/internal/application/service/form_service_impl.go:395.2,396.16 2 1
github.com/FamCan-RiskAssessment/Backend/internal/application/service/form_service_impl.go:396.16,398.3 1 0
github.com/FamCan-RiskAssessment/Backend/internal/application/service/form_service_impl.go:399.2,399.10 1 1
github.com/FamCan-RiskAssessment/Backend/internal/application/service/form_service_impl.go:399.10,401.17 2 0
github.com/FamCan-RiskAssessment/Backend/internal/application/service/form_service_impl.go:401.17,403.4 1 0
github.com/FamCan-RiskAssessment/Backend/internal/application/service/form_service_impl.go:404.3,404.15 1 0
github.com/FamCan-RiskAssessment/Backend/internal/application/service/form_service_impl.go:404.15,407.4 2 0
github.com/FamCan-RiskAssessment/Backend/internal/application/service/form_service_impl.go:411.2,412.16 2 1
github.com/FamCan-RiskAssessment/Backend/internal/application/service/form_service_impl.go:412.16,414.3 1 0
github.com/FamCan-RiskAssessment/Backend/internal/application/service/form_service_impl.go:415.2,415.43 1 1
github.com/FamCan-RiskAssessment/Backend/internal/application/service/form_service_impl.go:415.43,416.108 1 0
github.com/FamCan-RiskAssessment/Backend/internal/application/service/form_service_impl.go:416.108,420.4 3 0
github.com/FamCan-RiskAssessment/Backend/internal/application/service/form_service_impl.go:423.2,430.62 2 1
github.com/FamCan-RiskAssessment/Backend/internal/application/service/form_service_impl.go:430.62,439.112 3 0
github.com/FamCan-RiskAssessment/Backend/internal/application/service/form_service_impl.go:439.112,441.4 1 0
github.com/FamCan-RiskAssessment/Backend/internal/application/service/form_service_impl.go:444.2,444.86 1 1
github.com/FamCan-RiskAssessment/Backend/internal/application/service/form_service_impl.go:444.86,446.3 1 0
github.com/FamCan-RiskAssessment/Backend/internal/application/service/form_service_impl.go:449.2,449.10 1 1
github.com/FamCan-RiskAssessment/Backend/internal/application/service/form_service_impl.go:449.10,451.3 1 0
github.com/FamCan-RiskAssessment/Backend/internal/application/service/form_service_impl.go:453.2,453.12 1 1
github.com/FamCan-RiskAssessment/Backend/internal/application/service/form_service_impl.go:456.121,458.16 2 1
github.com/FamCan-RiskAssessment/Backend/internal/application/service/form_service_impl.go:458.16,460.3 1 0
github.com/FamCan-RiskAssessment/Backend/internal/application/service/form_service_impl.go:461.2,461.17 1 1
github.com/FamCan-RiskAssessment/Backend/internal/application/service/form_service_impl.go:461.17,464.3 2 1
github.com/FamCan-RiskAssessment/Backend/internal/application/service/form_service_impl.go:466.2,467.16 2 1
github.com/FamCan-RiskAssessment/Backend/internal/application/service/form_service_impl.go:467.16,469.3 1 0
github.com/FamCan-RiskAssessment/Backend/internal/application/service/form_service_impl.go:470.2,470.10 1 1
github.com/FamCan-RiskAssessment/Backend/internal/application/service/form_service_impl.go:470.10,472.17 2 0
github.com/FamCan-RiskAssessment/Backend/internal/application/service/form_service_impl.go:472.17,474.4 1 0
github.com/FamCan-RiskAssessment/Backend/internal/application/service/form_service_impl.go:475.3,475.15 1 0
github.com/FamCan-RiskAssessment/Backend/internal/application/service/form_service_impl.go:475.15,478.4 2 0
github.com/FamCan-RiskAssessment/Backend/internal/application/service/form_service_impl.go:481.2,482.16 2 1
github.com/FamCan-RiskAssessment/Backend/internal/application/service/form_service_impl.go:482.16,484.3 1 0
github.com/FamCan-RiskAssessment/Backend/internal/application/service/form_service_impl.go:485.2,485.19 1 1
github.com/FamCan-RiskAssessment/Backend/internal/application/service/form_service_impl.go:485.19,488.3 2 0
github.com/FamCan-RiskAssessment/Backend/internal/application/service/form_service_impl.go:491.2,491.37 1 1
github.com/FamCan-RiskAssessment/Backend/internal/application/service/form_service_impl.go:491.37,494.3 2 0
github.com/FamCan-RiskAssessment/Backend/internal/application/service/form_service_impl.go:497.2,497.103 1 1
github.com/FamCan-RiskAssessment/Backend/internal/application/service/form_service_impl.go:497.103,499.17 2 1
github.com/FamCan-RiskAssessment/Backend/internal/application/service/form_service_impl.go:499.17,501.4 1 0
github.com/FamCan-RiskAssessment/Backend/internal/application/service/form_service_impl.go:502.3,502.44 1 1
github.com/FamCan-RiskAssessment/Backend/internal/application/service/form_service_impl.go:502.44,505.45 1 1
github.com/FamCan-RiskAssessment/Backend/internal/application/service/form_service_impl.go:505.45,509.5 3 0
github.com/FamCan-RiskAssessment/Backend/internal/application/service/form_service_impl.go:514.2,515.31 2 1
github.com/FamCan-RiskAssessment/Backend/internal/application/service/form_service_impl.go:515.31,517.3 1 0
github.com/FamCan-RiskAssessment/Backend/internal/application/service/form_service_impl.go:519.2,523.62 3 1
github.com/FamCan-RiskAssessment/Backend/internal/application/service/form_service_impl.go:523.62,532.112 3 0
github.com/FamCan-RiskAssessment/Backend/internal/application/service/form_service_impl.go:532.112,534.4 1 0
github.com/FamCan-RiskAssessment/Backend/internal/application/service/form_service_impl.go:537.3,537.86 1 0
github.com/FamCan-RiskAssessment/Backend/internal/application/service/form_service_impl.go:537.86,538.101 1 0
github.com/FamCan-RiskAssessment/Backend/internal/application/service/form_service_impl.go:538.101,540.5 1 0
github.com/FamCan-RiskAssessment/Backend/internal/application/service/form_service_impl.go:544.2,544.88 1 1
github.com/FamCan-RiskAssessment/Backend/internal/application/service/form_service_impl.go:544.88,546.3 1 0
github.com/FamCan-RiskAssessment/Backend/internal/application/service/form_service_impl.go:548.2,549.60 2 1
github.com/FamCan-RiskAssessment/Backend/internal/application/service/form_service_impl.go:549.60,551.17 2 0
github.com/FamCan-RiskAssessment/Backend/internal/application/service/form_service_impl.go:551.17,553.4 1 0
github.com/FamCan-RiskAssessment/Backend/internal/application/service/form_service_impl.go:554.3,554.29 1 0
github.com/FamCan-RiskAssessment/Backend/internal/application/service/form_service_impl.go:558.2,558.10 1 1
github.com/FamCan-RiskAssessment/Backend/internal/application/service/form_service_impl.go:558.10,560.3 1 0
github.com/FamCan-RiskAssessment/Backend/internal/application/service/form_service_impl.go:562.2,571.22 2 1
github.com/FamCan-RiskAssessment/Backend/internal/application/service/form_service_impl.go:574.89,576.16 2 1
github.com/FamCan-RiskAssessment/Backend/internal/application/service/form_service_impl.go:576.16,578.3 1 0
github.com/FamCan-RiskAssessment/Backend/internal/application/service/form_service_impl.go:579.2,579.17 1 1
github.com/FamCan-RiskAssessment/Backend/internal/application/service/form_service_impl.go:579.17,582.3 2 0
github.com/FamCan-RiskAssessment/Backend/internal/application/service/form_service_impl.go:584.2,585.16 2 1
github.com/FamCan-RiskAssessment/Backend/internal/application/service/form_service_impl.go:585.16,587.3 1 0
github.com/FamCan-RiskAssessment/Backend/internal/application/service/form_service_impl.go:588.2,588.10 1 1
github.com/FamCan-RiskAssessment/Backend/internal/application/service/form_service_impl.go:588.10,590.17 2 0
github.com/FamCan-RiskAssessment/Backend/internal/application/service/form_service_impl.go:590.17,592.4 1 0
github.com/FamCan-RiskAssessment/Backend/internal/application/service/form_service_impl.go:593.3,593.15 1 0
github.com/FamCan-RiskAssessment/Backend/internal/application/service/form_service_impl.go:593.15,596.4 2 0
github.com/FamCan-RiskAssessment/Backend/internal/application/service/form_service_impl.go:599.2,600.16 2 1
github.com/FamCan-RiskAssessment/Backend/internal/application/service/form_service_impl.go:600.16,602.3 1 0
github.com/FamCan-RiskAssessment/Backend/internal/application/service/form_service_impl.go:603.2,603.19 1 1
github.com/FamCan-RiskAssessment/Backend/internal/application/service/form_service_impl.go:603.19,606.3 2 0
github.com/FamCan-RiskAssessment/Backend/internal/application/service/form_service_impl.go:609.2,609.37 1 1
github.com/FamCan-RiskAssessment/Backend/internal/application/service/form_service_impl.go:609.37,612.3 2 0
github.com/FamCan-RiskAssessment/Backend/internal/application/service/form_service_impl.go:615.2,615.60 1 1
github.com/FamCan-RiskAssessment/Backend/internal/application/service/form_service_impl.go:615.60,616.104 1 0
github.com/FamCan-RiskAssessment/Backend/internal/application/service/form_service_impl.go:616.104,618.4 1 0
github.com/FamCan-RiskAssessment/Backend/internal/application/service/form_service_impl.go:622.2,622.102 1 1
github.com/FamCan-RiskAssessment/Backend/internal/application/service/form_service_impl.go:622.102,624.3 1 0
github.com/FamCan-RiskAssessment/Backend/internal/application/service/form_service_impl.go:627.2,627.10 1 1
github.com/FamCan-RiskAssessment/Backend/internal/application/service/form_service_impl.go:627.10,629.3 1 0
github.com/FamCan-RiskAssessment/Backend/internal/application/service/form_service_impl.go:631.2,631.12 1 1
github.com/FamCan-RiskAssessment/Backend/internal/application/service/form_service_impl.go:634.139,636.16 2 1
github.com/FamCan-RiskAssessment/Backend/internal/application/service/form_service_impl.go:636.16,638.3 1 0
github.com/FamCan-RiskAssessment/Backend/internal/application/service/form_service_impl.go:639.2,639.17 1 1
github.com/FamCan-RiskAssessment/Backend/internal/application/service/form_service_impl.go:639.17,642.3 2 0
github.com/FamCan-RiskAssessment/Backend/internal/application/service/form_service_impl.go:644.2,645.16 2 1
github.com/FamCan-RiskAssessment/Backend/internal/application/service/form_service_impl.go:645.16,647.3 1 0
github.com/FamCan-RiskAssessment/Backend/internal/application/service/form_service_impl.go:648.2,648.10 1 1
github.com/FamCan-RiskAssessment/Backend/internal/application/service/form_service_impl.go:648.10,650.17 2 0
github.com/FamCan-RiskAssessment/Backend/internal/application/service/form_service_impl.go:650.17,652.4 1 0
github.com/FamCan-RiskAssessment/Backend/internal/application/service/form_service_impl.go:653.3,653.15 1 0
github.com/FamCan-RiskAssessment/Backend/internal/application/service/form_service_impl.go:653.15,656.4 2 0
github.com/FamCan-RiskAssessment/Backend/internal/application/service/form_service_impl.go:659.2,670.62 2 1
github.com/FamCan-RiskAssessment/Backend/internal/application/service/form_service_impl.go:670.62,679.112 3 0
github.com/FamCan-RiskAssessment/Backend/internal/application/service/form_service_impl.go:679.112,681.4 1 0
github.com/FamCan-RiskAssessment/Backend/internal/application/service/form_service_impl.go:684.2,684.92 1 1
github.com/FamCan-RiskAssessment/Backend/internal/application/service/form_service_impl.go:684.92,686.3 1 0
github.com/FamCan-RiskAssessment/Backend/internal/application/service/form_service_impl.go:688.2,689.56 2 1
github.com/FamCan-RiskAssessment/Backend/internal/application/service/form_service_impl.go:689.56,691.17 2 0
github.com/FamCan-RiskAssessment/Backend/internal/application/service/form_service_impl.go:691.17,693.4 1 0
github.com/FamCan-RiskAssessment/Backend/internal/application/service/form_service_impl.go:694.3,694.29 1 0
github.com/FamCan-RiskAssessment/Backend/internal/application/service/form_service_impl.go:698.2,698.10 1 1
github.com/FamCan-RiskAssessment/Backend/internal/application/service/form_service_impl.go:698.10,700.3 1 0
github.com/FamCan-RiskAssessment/Backend/internal/application/service/form_service_impl.go:702.2,715.22 2 1
github.com/FamCan-RiskAssessment/Backend/internal/application/service/form_service_impl.go:718.139,720.16 2 1
github.com/FamCan-RiskAssessment/Backend/internal/application/service/form_service_impl.go:720.16,722.3 1 0
github.com/FamCan-RiskAssessment/Backend/internal/application/service/form_service_impl.go:723.2,723.17 1 1
github.com/FamCan-RiskAssessment/Backend/internal/application/service/form_service_impl.go:723.17,726.3 2 0
github.com/FamCan-RiskAssessment/Backend/internal/application/service/form_service_impl.go:728.2,729.16 2 1
github.com/FamCan-RiskAssessment/Backend/internal/application/service/form_service_impl.go:729.16,731.3 1 0
github.com/FamCan-RiskAssessment/Backend/internal/application/service/form_service_impl.go:732.2,732.10 1 1
github.com/FamCan-RiskAssessment/Backend/internal/application/service/form_service_impl.go:732.10,734.17 2 0
github.com/FamCan-RiskAssessment/Backend/internal/application/service/form_service_impl.go:734.17,736.4 1 0
github.com/FamCan-RiskAssessment/Backend/internal/application/service/form_service_impl.go:737.3,737.15 1 0
github.com/FamCan-RiskAssessment/Backend/internal/application/service/form_service_impl.go:737.15,740.4 2 0
github.com/FamCan-RiskAssessment/Backend/internal/application/service/form_service_impl.go:743.2,744.16 2 1
github.com/FamCan-RiskAssessment/Backend/internal/application/service/form_service_impl.go:744.16,746.3 1 0
github.com/FamCan-RiskAssessment/Backend/internal/application/service/form_service_impl.go:747.2,747.25 1 1
github.com/FamCan-RiskAssessment/Backend/internal/application/service/form_service_impl.go:747.25,750.3 2 0
github.com/FamCan-RiskAssessment/Backend/internal/application/service/form_service_impl.go:753.2,753.43 1 1
github.com/FamCan-RiskAssessment/Backend/internal/application/service/form_service_impl.go:753.43,756.3 2 0
github.com/FamCan-RiskAssessment/Backend/internal/application/service/form_service_impl.go:759.2,760.37 2 1
github.com/FamCan-RiskAssessment/Backend/internal/application/service/form_service_impl.go:760.37,762.3 1 0
github.com/FamCan-RiskAssessment/Backend/internal/application/service/form_service_impl.go:764.2,772.62 7 1
github.com/FamCan-RiskAssessment/Backend/internal/application/service/form_service_impl.go:772.62,781.112 3 0
github.com/FamCan-RiskAssessment/Backend/internal/application/service/form_service_impl.go:781.112,783.4 1 0
github.com/FamCan-RiskAssessment/Backend/internal/application/service/form_service_impl.go:786.3,786.86 1 0
github.com/FamCan-RiskAssessment/Backend/internal/application/service/form_service_impl.go:786.86,787.101 1 0
github.com/FamCan-RiskAssessment/Backend/internal/application/service/form_service_impl.go:787.101,789.5 1 0
github.com/FamCan-RiskAssessment/Backend/internal/application/service/form_service_impl.go:793.2,793.100 1 1
github.com/FamCan-RiskAssessment/Backend/internal/application/service/form_service_impl.go:793.100,795.3 1 0
github.com/FamCan-RiskAssessment/Backend/internal/application/service/form_service_impl.go:797.2,798.72 2 1
github.com/FamCan-RiskAssessment/Backend/internal/application/service/form_service_impl.go:798.72,800.17 2 0
github.com/FamCan-RiskAssessment/Backend/internal/application/service/form_service_impl.go:800.17,802.4 1 0
github.com/FamCan-RiskAssessment/Backend/internal/application/service/form_service_impl.go:803.3,803.29 1 0
github.com/FamCan-RiskAssessment/Backend/internal/application/service/form_service_impl.go:807.2,807.10 1 1
github.com/FamCan-RiskAssessment/Backend/internal/application/service/form_service_impl.go:807.10,809.3 1 0
github.com/FamCan-RiskAssessment/Backend/internal/application/service/form_service_impl.go:811.2,824.22 2 1
github.com/FamCan-RiskAssessment/Backend/internal/application/service/form_service_impl.go:827.101,829.16 2 1
github.com/FamCan-RiskAssessment/Backend/internal/application/service/form_service_impl.go:829.16,831.3 1 0
github.com/FamCan-RiskAssessment/Backend/internal/application/service/form_service_impl.go:832.2,832.17 1 1
github.com/FamCan-RiskAssessment/Backend/internal/application/service/form_service_impl.go:832.17,835.3 2 0
github.com/FamCan-RiskAssessment/Backend/internal/application/service/form_service_impl.go:837.2,838.16 2 1
github.com/FamCan-RiskAssessment/Backend/internal/application/service/form_service_impl.go:838.16,840.3 1 0
github.com/FamCan-RiskAssessment/Backend/internal/application/service/form_service_impl.go:841.2,841.10 1 1
github.com/FamCan-RiskAssessment/Backend/internal/application/service/form_service_impl.go:841.10,843.17 2 0
github.com/FamCan-RiskAssessment/Backend/internal/application/service/form_service_impl.go:843.17,845.4 1 0
github.com/FamCan-RiskAssessment/Backend/internal/application/service/form_service_impl.go:846.3,846.15 1 0
github.com/FamCan-RiskAssessment/Backend/internal/application/service/form_service_impl.go:846.15,849.4 2 0
github.com/FamCan-RiskAssessment/Backend/internal/application/service/form_service_impl.go:852.2,853.16 2 1
github.com/FamCan-RiskAssessment/Backend/internal/application/service/form_service_impl.go:853.16,855.3 1 0
github.com/FamCan-RiskAssessment/Backend/internal/application/service/form_service_impl.go:856.2,856.25 1 1
github.com/FamCan-RiskAssessment/Backend/internal/application/service/form_service_impl.go:856.25,859.3 2 0
github.com/FamCan-RiskAssessment/Backend/internal/application/service/form_service_impl.go:862.2,862.43 1 1
github.com/FamCan-RiskAssessment/Backend/internal/application/service/form_service_impl.go:862.43,865.3 2 0
github.com/FamCan-RiskAssessment/Backend/internal/application/service/form_service_impl.go:868.2,868.72 1 1
github.com/FamCan-RiskAssessment/Backend/internal/application/service/form_service_impl.go:868.72,869.110 1 0
github.com/FamCan-RiskAssessment/Backend/internal/application/service/form_service_impl.go:869.110,871.4 1 0
github.com/FamCan-RiskAssessment/Backend/internal/application/service/form_service_impl.go:875.2,875.114 1 1
github.com/FamCan-RiskAssessment/Backend/internal/application/service/form_service_impl.go:875.114,877.3 1 0
github.com/FamCan-RiskAssessment/Backend/internal/application/service/form_service_impl.go:880.2,880.10 1 1
github.com/FamCan-RiskAssessment/Backend/internal/application/service/form_service_impl.go:880.10,882.3 1 0
github.com/FamCan-RiskAssessment/Backend/internal/application/service/form_service_impl.go:884.2,884.12 1 1
github.com/FamCan-RiskAssessment/Backend/internal/application/service/form_service_impl.go:887.91,889.16 2 1
github.com/FamCan-RiskAssessment/Backend/internal/application/service/form_service_impl.go:889.16,891.3 1 0
github.com/FamCan-RiskAssessment/Backend/internal/application/service/form_service_impl.go:892.2,892.17 1 1
github.com/FamCan-RiskAssessment/Backend/internal/application/service/form_service_impl.go:892.17,895.3 2 0
github.com/FamCan-RiskAssessment/Backend/internal/application/service/form_service_impl.go:897.2,898.16 2 1
github.com/FamCan-RiskAssessment/Backend/internal/application/service/form_service_impl.go:898.16,900.3 1 0
github.com/FamCan-RiskAssessment/Backend/internal/application/service/form_service_impl.go:901.2,901.10 1 1
github.com/FamCan-RiskAssessment/Backend/internal/application/service/form_service_impl.go:901.10,903.17 2 0
github.com/FamCan-RiskAssessment/Backend/internal/application/service/form_service_impl.go:903.17,905.4 1 0
github.com/FamCan-RiskAssessment/Backend/internal/application/service/form_service_impl.go:906.3,906.15 1 0
github.com/FamCan-RiskAssessment/Backend/internal/application/service/form_service_impl.go:906.15,909.4 2 0
github.com/FamCan-RiskAssessment/Backend/internal/application/service/form_service_impl.go:917.2,918.16 2 1
github.com/FamCan-RiskAssessment/Backend/internal/application/service/form_service_impl.go:918.16,920.3 1 0
github.com/FamCan-RiskAssessment/Backend/internal/application/service/form_service_impl.go:921.2,921.17 1 1
github.com/FamCan-RiskAssessment/Backend/internal/application/service/form_service_impl.go:921.17,923.3 1 1
github.com/FamCan-RiskAssessment/Backend/internal/application/service/form_service_impl.go:926.2,929.36 4 1
github.com/FamCan-RiskAssessment/Backend/internal/application/service/form_service_impl.go:929.36,931.3 1 0
github.com/FamCan-RiskAssessment/Backend/internal/application/service/form_service_impl.go:932.2,932.42 1 1
github.com/FamCan-RiskAssessment/Backend/internal/application/service/form_service_impl.go:932.42,934.3 1 0
github.com/FamCan-RiskAssessment/Backend/internal/application/service/form_service_impl.go:935.2,935.42 1 1
github.com/FamCan-RiskAssessment/Backend/internal/application/service/form_service_impl.go:935.42,937.3 1 0
github.com/FamCan-RiskAssessment/Backend/internal/application/service/form_service_impl.go:939.2,951.76 11 1
github.com/FamCan-RiskAssessment/Backend/internal/application/service/form_service_impl.go:951.76,960.124 3 0
github.com/FamCan-RiskAssessment/Backend/internal/application/service/form_service_impl.go:960.124,962.4 1 0
github.com/FamCan-RiskAssessment/Backend/internal/application/service/form_service_impl.go:965.3,965.107 1 0
github.com/FamCan-RiskAssessment/Backend/internal/application/service/form_service_impl.go:965.107,966.113 1 0
github.com/FamCan-RiskAssessment/Backend/internal/application/service/form_service_impl.go:966.113,968.5 1 0
github.com/FamCan-RiskAssessment/Backend/internal/application/service/form_service_impl.go:973.2,973.88 1 1
github.com/FamCan-RiskAssessment/Backend/internal/application/service/form_service_impl.go:973.88,981.130 3 0
github.com/FamCan-RiskAssessment/Backend/internal/application/service/form_service_impl.go:981.130,983.4 1 0
github.com/FamCan-RiskAssessment/Backend/internal/application/service/form_service_impl.go:986.3,986.125 1 0
github.com/FamCan-RiskAssessment/Backend/internal/application/service/form_service_impl.go:986.125,987.119 1 0
github.com/FamCan-RiskAssessment/Backend/internal/application/service/form_service_impl.go:987.119,989.5 1 0
github.com/FamCan-RiskAssessment/Backend/internal/application/service/form_service_impl.go:994.2,994.88 1 1
github.com/FamCan-RiskAssessment/Backend/internal/application/service/form_service_impl.go:994.88,1002.130 3 0
github.com/FamCan-RiskAssessment/Backend/internal/application/service/form_service_impl.go:1002.130,1004.4 1 0
github.com/FamCan-RiskAssessment/Backend/internal/application/service/form_service_impl.go:1007.3,1007.125 1 0
github.com/FamCan-RiskAssessment/Backend/internal/application/service/form_service_impl.go:1007.125,1008.119 1 0
github.com/FamCan-RiskAssessment/Backend/internal/application/service/form_service_impl.go:1008.119,1010.5 1 0
github.com/FamCan-RiskAssessment/Backend/internal/application/service/form_service_impl.go:1014.2,1014.18 1 1
github.com/FamCan-RiskAssessment/Backend/internal/application/service/form_service_impl.go:1014.18,1016.3 1 1
github.com/FamCan-RiskAssessment/Backend/internal/application/service/form_service_impl.go:1016.8,1018.3 1 1
github.com/FamCan-RiskAssessment/Backend/internal/application/service/form_service_impl.go:1019.2,1019.16 1 1
github.com/FamCan-RiskAssessment/Backend/internal/application/service/form_service_impl.go:1019.16,1021.3 1 0
github.com/FamCan-RiskAssessment/Backend/internal/application/service/form_service_impl.go:1024.2,1024.10 1 1
github.com/FamCan-RiskAssessment/Backend/internal/application/service/form_service_impl.go:1024.10,1026.3 1 0
github.com/FamCan-RiskAssessment/Backend/internal/application/service/form_service_impl.go:1028.2,1028.12 1 1
github.com/FamCan-RiskAssessment/Backend/internal/application/service/form_service_impl.go:1031.97,1033.16 2 1
github.com/FamCan-RiskAssessment/Backend/internal/application/service/form_service_impl.go:1033.16,1035.3 1 0
github.com/FamCan-RiskAssessment/Backend/internal/application/service/form_service_impl.go:1036.2,1036.17 1 1
github.com/FamCan-RiskAssessment/Backend/internal/application/service/form_service_impl.go:1036.17,1039.3 2 0
github.com/FamCan-RiskAssessment/Backend/internal/application/service/form_service_impl.go:1041.2,1042.16 2 1
github.com/FamCan-RiskAssessment/Backend/internal/application/service/form_service_impl.go:1042.16,1044.3 1 0
github.com/FamCan-RiskAssessment/Backend/internal/application/service/form_service_impl.go:1045.2,1045.10 1 1
github.com/FamCan-RiskAssessment/Backend/internal/application/service/form_service_impl.go:1045.10,1047.17 2 0
github.com/FamCan-RiskAssessment/Backend/internal/application/service/form_service_impl.go:1047.17,1049.4 1 0
github.com/FamCan-RiskAssessment/Backend/internal/application/service/form_service_impl.go:1050.3,1050.15 1 0
github.com/FamCan-RiskAssessment/Backend/internal/application/service/form_service_impl.go:1050.15,1053.4 2 0
github.com/FamCan-RiskAssessment/Backend/internal/application/service/form_service_impl.go:1061.2,1062.16 2 1
github.com/FamCan-RiskAssessment/Backend/internal/application/service/form_service_impl.go:1062.16,1064.3 1 0
github.com/FamCan-RiskAssessment/Backend/internal/application/service/form_service_impl.go:1065.2,1065.17 1 1
github.com/FamCan-RiskAssessment/Backend/internal/application/service/form_service_impl.go:1065.17,1067.3 1 1
github.com/FamCan-RiskAssessment/Backend/internal/application/service/form_service_impl.go:1069.2,1081.36 13 1
github.com/FamCan-RiskAssessment/Backend/internal/application/service/form_service_impl.go:1081.36,1083.3 1 0
github.com/FamCan-RiskAssessment/Backend/internal/application/service/form_service_impl.go:1084.2,1087.42 4 1
github.com/FamCan-RiskAssessment/Backend/internal/application/service/form_service_impl.go:1087.42,1089.3 1 0
github.com/FamCan-RiskAssessment/Backend/internal/application/service/form_service_impl.go:1090.2,1117.18 27 1
github.com/FamCan-RiskAssessment/Backend/internal/application/service/form_service_impl.go:1117.18,1119.3 1 1
github.com/FamCan-RiskAssessment/Backend/internal/application/service/form_service_impl.go:1119.8,1121.3 1 1
github.com/FamCan-RiskAssessment/Backend/internal/application/service/form_service_impl.go:1122.2,1122.16 1 1
github.com/FamCan-RiskAssessment/Backend/internal/application/service/form_service_impl.go:1122.16,1124.3 1 0
github.com/FamCan-RiskAssessment/Backend/internal/application/service/form_service_impl.go:1127.2,1127.10 1 1
github.com/FamCan-RiskAssessment/Backend/internal/application/service/form_service_impl.go:1127.10,1129.3 1 0
github.com/FamCan-RiskAssessment/Backend/internal/application/service/form_service_impl.go:1131.2,1131.12 1 1
github.com/FamCan-RiskAssessment/Backend/internal/application/service/form_service_impl.go:1134.133,1136.16 2 1
github.com/FamCan-RiskAssessment/Backend/internal/application/service/form_service_impl.go:1136.16,1138.3 1 0
github.com/FamCan-RiskAssessment/Backend/internal/application/service/form_service_impl.go:1139.2,1139.17 1 1
github.com/FamCan-RiskAssessment/Backend/internal/application/service/form_service_impl.go:1139.17,1142.3 2 1
github.com/FamCan-RiskAssessment/Backend/internal/application/service/form_service_impl.go:1149.2,1151.16 3 1
github.com/FamCan-RiskAssessment/Backend/internal/application/service/form_service_impl.go:1151.16,1153.3 1 1
github.com/FamCan-RiskAssessment/Backend/internal/application/service/form_service_impl.go:1155.2,1166.22 2 1
github.com/FamCan-RiskAssessment/Backend/internal/application/service/form_service_impl.go:1169.123,1171.16 2 1
github.com/FamCan-RiskAssessment/Backend/internal/application/service/form_service_impl.go:1171.16,1173.3 1 0
github.com/FamCan-RiskAssessment/Backend/internal/application/service/form_service_impl.go:1174.2,1174.17 1 1
github.com/FamCan-RiskAssessment/Backend/internal/application/service/form_service_impl.go:1174.17,1177.3 2 1
github.com/FamCan-RiskAssessment/Backend/internal/application/service/form_service_impl.go:1184.2,1185.16 2 1
github.com/FamCan-RiskAssessment/Backend/internal/application/service/form_service_impl.go:1185.16,1187.3 1 0
github.com/FamCan-RiskAssessment/Backend/internal/application/service/form_service_impl.go:1188.2,1188.18 1 1
github.com/FamCan-RiskAssessment/Backend/internal/application/service/form_service_impl.go:1188.18,1191.3 2 1
github.com/FamCan-RiskAssessment/Backend/internal/application/service/form_service_impl.go:1193.2,1201.8 1 1
github.com/FamCan-RiskAssessment/Backend/internal/application/service/form_service_impl.go:1204.131,1206.16 2 1
github.com/FamCan-RiskAssessment/Backend/internal/application/service/form_service_impl.go:1206.16,1208.3 1 0
github.com/FamCan-RiskAssessment/Backend/internal/application/service/form_service_impl.go:1209.2,1209.17 1 1
github.com/FamCan-RiskAssessment/Backend/internal/application/service/form_service_impl.go:1209.17,1212.3 2 1
github.com/FamCan-RiskAssessment/Backend/internal/application/service/form_service_impl.go:1219.2,1220.16 2 1
github.com/FamCan-RiskAssessment/Backend/internal/application/service/form_service_impl.go:1220.16,1222.3 1 0
github.com/FamCan-RiskAssessment/Backend/internal/application/service/form_service_impl.go:1223.2,1223.17 1 1
github.com/FamCan-RiskAssessment/Backend/internal/application/service/form_service_impl.go:1223.17,1226.3 2 1
github.com/FamCan-RiskAssessment/Backend/internal/application/service/form_service_impl.go:1228.2,1246.8 1 1
github.com/FamCan-RiskAssessment/Backend/internal/application/service/form_service_impl.go:1249.125,1251.16 2 1
github.com/FamCan-RiskAssessment/Backend/internal/application/service/form_service_impl.go:1251.16,1253.3 1 0
github.com/FamCan-RiskAssessment/Backend/internal/application/service/form_service_impl.go:1254.2,1254.17 1 1
github.com/FamCan-RiskAssessment/Backend/internal/application/service/form_service_impl.go:1254.17,1257.3 2 1
github.com/FamCan-RiskAssessment/Backend/internal/application/service/form_service_impl.go:1264.2,1265.16 2 1
github.com/FamCan-RiskAssessment/Backend/internal/application/service/form_service_impl.go:1265.16,1267.3 1 0
github.com/FamCan-RiskAssessment/Backend/internal/application/service/form_service_impl.go:1268.2,1268.17 1 1
github.com/FamCan-RiskAssessment/Backend/internal/application/service/form_service_impl.go:1268.17,1271.3 2 0
github.com/FamCan-RiskAssessment/Backend/internal/application/service/form_service_impl.go:1273.2,1274.76 2 1
github.com/FamCan-RiskAssessment/Backend/internal/application/service/form_service_impl.go:1274.76,1276.17 2 0
github.com/FamCan-RiskAssessment/Backend/internal/application/service/form_service_impl.go:1276.17,1278.4 1 0
github.com/FamCan-RiskAssessment/Backend/internal/application/service/form_service_impl.go:1279.3,1279.36 1 0
github.com/FamCan-RiskAssessment/Backend/internal/application/service/form_service_impl.go:1282.2,1310.8 1 1
github.com/FamCan-RiskAssessment/Backend/internal/application/service/form_service_impl.go:1313.119,1315.16 2 1
github.com/FamCan-RiskAssessment/Backend/internal/application/service/form_service_impl.go:1315.16,1317.3 1 0
github.com/FamCan-RiskAssessment/Backend/internal/application/service/form_service_impl.go:1318.2,1318.17 1 1
github.com/FamCan-RiskAssessment/Backend/internal/application/service/form_service_impl.go:1318.17,1321.3 2 0
github.com/FamCan-RiskAssessment/Backend/internal/application/service/form_service_impl.go:1328.2,1329.16 2 1
github.com/FamCan-RiskAssessment/Backend/internal/application/service/form_service_impl.go:1329.16,1331.3 1 0
github.com/FamCan-RiskAssessment/Backend/internal/application/service/form_service_impl.go:1333.2,1334.20 2 1
github.com/FamCan-RiskAssessment/Backend/internal/application/service/form_service_impl.go:1334.20,1338.3 3 0
github.com/FamCan-RiskAssessment/Backend/internal/application/service/form_service_impl.go:1340.2,1341.25 2 1
github.com/FamCan-RiskAssessment/Backend/internal/application/service/form_service_impl.go:1341.25,1343.51 2 1
github.com/FamCan-RiskAssessment/Backend/internal/application/service/form_service_impl.go:1343.51,1345.18 2 0
github.com/FamCan-RiskAssessment/Backend/internal/application/service/form_service_impl.go:1345.18,1347.5 1 0
github.com/FamCan-RiskAssessment/Backend/internal/application/service/form_service_impl.go:1348.4,1348.30 1 0
github.com/FamCan-RiskAssessment/Backend/internal/application/service/form_service_impl.go:1350.3,1355.5 1 1
github.com/FamCan-RiskAssessment/Backend/internal/application/service/form_service_impl.go:1357.2,1357.29 1 1
github.com/FamCan-RiskAssessment/Backend/internal/application/service/form_service_impl.go:1360.129,1362.16 2 1
github.com/FamCan-RiskAssessment/Backend/internal/application/service/form_service_impl.go:1362.16,1364.3 1 0
github.com/FamCan-RiskAssessment/Backend/internal/application/service/form_service_impl.go:1365.2,1365.17 1 1
github.com/FamCan-RiskAssessment/Backend/internal/application/service/form_service_impl.go:1365.17,1368.3 2 0
github.com/FamCan-RiskAssessment/Backend/internal/application/service/form_service_impl.go:1375.2,1376.16 2 1
github.com/FamCan-RiskAssessment/Backend/internal/application/service/form_service_impl.go:1376.16,1378.3 1 0
github.com/FamCan-RiskAssessment/Backend/internal/application/service/form_service_impl.go:1379.2,1379.17 1 1
github.com/FamCan-RiskAssessment/Backend/internal/application/service/form_service_impl.go:1379.17,1382.3 2 0
github.com/FamCan-RiskAssessment/Backend/internal/application/service/form_service_impl.go:1384.2,1385.20 2 1
github.com/FamCan-RiskAssessment/Backend/internal/application/service/form_service_impl.go:1385.20,1388.3 2 0
github.com/FamCan-RiskAssessment/Backend/internal/application/service/form_service_impl.go:1390.2,1390.25 1 1
github.com/FamCan-RiskAssessment/Backend/internal/application/service/form_service_impl.go:1390.25,1393.404 1 1
github.com/FamCan-RiskAssessment/Backend/internal/application/service/form_service_impl.go:1393.404,1396.4 2 1
github.com/FamCan-RiskAssessment/Backend/internal/application/service/form_service_impl.go:1397.3,1398.51 2 1
github.com/FamCan-RiskAssessment/Backend/internal/application/service/form_service_impl.go:1398.51,1400.18 2 0
github.com/FamCan-RiskAssessment/Backend/internal/application/service/form_service_impl.go:1400.18,1402.5 1 0
github.com/FamCan-RiskAssessment/Backend/internal/application/service/form_service_impl.go:1403.4,1403.30 1 0
github.com/FamCan-RiskAssessment/Backend/internal/application/service/form_service_impl.go:1405.3,1410.5 1 1
github.com/FamCan-RiskAssessment/Backend/internal/application/service/form_service_impl.go:1413.2,1413.35 1 1
github.com/FamCan-RiskAssessment/Backend/internal/application/service/form_service_impl.go:1416.119,1418.16 2 1
github.com/FamCan-RiskAssessment/Backend/internal/application/service/form_service_impl.go:1418.16,1420.3 1 0
github.com/FamCan-RiskAssessment/Backend/internal/application/service/form_service_impl.go:1421.2,1421.17 1 1
github.com/FamCan-RiskAssessment/Backend/internal/application/service/form_service_impl.go:1421.17,1424.3 2 0
github.com/FamCan-RiskAssessment/Backend/internal/application/service/form_service_impl.go:1431.2,1432.16 2 1
github.com/FamCan-RiskAssessment/Backend/internal/application/service/form_service_impl.go:1432.16,1434.3 1 0
github.com/FamCan-RiskAssessment/Backend/internal/application/service/form_service_impl.go:1435.2,1435.17 1 1
github.com/FamCan-RiskAssessment/Backend/internal/application/service/form_service_impl.go:1435.17,1438.3 2 0
github.com/FamCan-RiskAssessment/Backend/internal/application/service/form_service_impl.go:1441.2,1442.70 2 1
github.com/FamCan-RiskAssessment/Backend/internal/application/service/form_service_impl.go:1442.70,1444.17 2 0
github.com/FamCan-RiskAssessment/Backend/internal/application/service/form_service_impl.go:1444.17,1446.4 1 0
github.com/FamCan-RiskAssessment/Backend/internal/application/service/form_service_impl.go:1447.3,1447.36 1 0
github.com/FamCan-RiskAssessment/Backend/internal/application/service/form_service_impl.go:1450.2,1451.82 2 1
github.com/FamCan-RiskAssessment/Backend/internal/application/service/form_service_impl.go:1451.82,1453.17 2 0
github.com/FamCan-RiskAssessment/Backend/internal/application/service/form_service_impl.go:1453.17,1455.4 1 0
github.com/FamCan-RiskAssessment/Backend/internal/application/service/form_service_impl.go:1456.3,1456.42 1 0
github.com/FamCan-RiskAssessment/Backend/internal/application/service/form_service_impl.go:1459.2,1460.82 2 1
github.com/FamCan-RiskAssessment/Backend/internal/application/service/form_service_impl.go:1460.82,1462.17 2 0
github.com/FamCan-RiskAssessment/Backend/internal/application/service/form_service_impl.go:1462.17,1464.4 1 0
github.com/FamCan-RiskAssessment/Backend/internal/application/service/form_service_impl.go:1465.3,1465.42 1 0
github.com/FamCan-RiskAssessment/Backend/internal/application/service/form_service_impl.go:1468.2,1483.8 1 1
github.com/FamCan-RiskAssessment/Backend/internal/application/service/form_service_impl.go:1486.125,1488.16 2 1
github.com/FamCan-RiskAssessment/Backend/internal/application/service/form_service_impl.go:1488.16,1490.3 1 0
github.com/FamCan-RiskAssessment/Backend/internal/application/service/form_service_impl.go:1491.2,1491.17 1 1
github.com/FamCan-RiskAssessment/Backend/internal/application/service/form_service_impl.go:1491.17,1494.3 2 0
github.com/FamCan-RiskAssessment/Backend/internal/application/service/form_service_impl.go:1501.2,1502.16 2 1
github.com/FamCan-RiskAssessment/Backend/internal/application/service/form_service_impl.go:1502.16,1504.3 1 0
github.com/FamCan-RiskAssessment/Backend/internal/application/service/form_service_impl.go:1505.2,1505.17 1 1
github.com/FamCan-RiskAssessment/Backend/internal/application/service/form_service_impl.go:1505.17,1508.3 2 0
github.com/FamCan-RiskAssessment/Backend/internal/application/service/form_service_impl.go:1510.2,1555.8 1 1
github.com/FamCan-RiskAssessment/Backend/internal/application/service/form_service_impl.go:1558.127,1560.16 2 1
github.com/FamCan-RiskAssessment/Backend/internal/application/service/form_service_impl.go:1560.16,1562.3 1 0
github.com/FamCan-RiskAssessment/Backend/internal/application/service/form_service_impl.go:1563.2,1563.17 1 1
github.com/FamCan-RiskAssessment/Backend/internal/application/service/form_service_impl.go:1563.17,1566.3 2 1
github.com/FamCan-RiskAssessment/Backend/internal/application/service/form_service_impl.go:1568.2,1572.16 3 1
github.com/FamCan-RiskAssessment/Backend/internal/application/service/form_service_impl.go:1572.16,1574.3 1 0
github.com/FamCan-RiskAssessment/Backend/internal/application/service/form_service_impl.go:1576.2,1577.16 2 1
github.com/FamCan-RiskAssessment/Backend/internal/application/service/form_service_impl.go:1577.16,1579.3 1 0
github.com/FamCan-RiskAssessment/Backend/internal/application/service/form_service_impl.go:1581.2,1582.29 2 1
github.com/FamCan-RiskAssessment/Backend/internal/application/service/form_service_impl.go:1582.29,1591.3 1 1
github.com/FamCan-RiskAssessment/Backend/internal/application/service/form_service_impl.go:1593.2,1593.34 1 1
github.com/FamCan-RiskAssessment/Backend/internal/application/service/form_service_impl.go:1596.90,1598.16 2 1
github.com/FamCan-RiskAssessment/Backend/internal/application/service/form_service_impl.go:1598.16,1600.3 1 0
github.com/FamCan-RiskAssessment/Backend/internal/application/service/form_service_impl.go:1601.2,1601.17 1 1
github.com/FamCan-RiskAssessment/Backend/internal/application/service/form_service_impl.go:1601.17,1604.3 2 1
github.com/FamCan-RiskAssessment/Backend/internal/application/service/form_service_impl.go:1606.2,1607.16 2 1
github.com/FamCan-RiskAssessment/Backend/internal/application/service/form_service_impl.go:1607.16,1609.3 1 0
github.com/FamCan-RiskAssessment/Backend/internal/application/service/form_service_impl.go:1611.2,1611.12 1 1
github.com/FamCan-RiskAssessment/Backend/internal/application/service/form_service_impl.go:1614.95,1616.16 2 1
github.com/FamCan-RiskAssessment/Backend/internal/application/service/form_service_impl.go:1616.16,1618.3 1 0
github.com/FamCan-RiskAssessment/Backend/internal/application/service/form_service_impl.go:1619.2,1619.17 1 1
github.com/FamCan-RiskAssessment/Backend/internal/application/service/form_service_impl.go:1619.17,1622.3 2 1
github.com/FamCan-RiskAssessment/Backend/internal/application/service/form_service_impl.go:1624.2,1625.16 2 1
github.com/FamCan-RiskAssessment/Backend/internal/application/service/form_service_impl.go:1625.16,1627.3 1 0
github.com/FamCan-RiskAssessment/Backend/internal/application/service/form_service_impl.go:1628.2,1628.10 1 1
github.com/FamCan-RiskAssessment/Backend/internal/application/service/form_service_impl.go:1628.10,1630.17 2 0
github.com/FamCan-RiskAssessment/Backend/internal/application/service/form_service_impl.go:1630.17,1632.4 1 0
github.com/FamCan-RiskAssessment/Backend/internal/application/service/form_service_impl.go:1633.3,1633.15 1 0
github.com/FamCan-RiskAssessment/Backend/internal/application/service/form_service_impl.go:1633.15,1636.4 2 0
github.com/FamCan-RiskAssessment/Backend/internal/application/service/form_service_impl.go:1639.2,1640.16 2 1
github.com/FamCan-RiskAssessment/Backend/internal/application/service/form_service_impl.go:1640.16,1642.3 1 0
github.com/FamCan-RiskAssessment/Backend/internal/application/service/form_service_impl.go:1643.2,1643.17 1 1
github.com/FamCan-RiskAssessment/Backend/internal/application/service/form_service_impl.go:1643.17,1646.3 2 0
github.com/FamCan-RiskAssessment/Backend/internal/application/service/form_service_impl.go:1648.2,1648.30 1 1
github.com/FamCan-RiskAssessment/Backend/internal/application/service/form_service_impl.go:1648.30,1650.3 1 0
github.com/FamCan-RiskAssessment/Backend/internal/application/service/form_service_impl.go:1651.2,1651.41 1 1
github.com/FamCan-RiskAssessment/Backend/internal/application/service/form_service_impl.go:1651.41,1653.3 1 0
github.com/FamCan-RiskAssessment/Backend/internal/application/service/form_service_impl.go:1654.2,1654.27 1 1
github.com/FamCan-RiskAssessment/Backend/internal/application/service/form_service_impl.go:1654.27,1656.3 1 1
github.com/FamCan-RiskAssessment/Backend/internal/application/service/form_service_impl.go:1657.2,1657.27 1 1
github.com/FamCan-RiskAssessment/Backend/internal/application/service/form_service_impl.go:1657.27,1659.3 1 0
github.com/FamCan-RiskAssessment/Backend/internal/application/service/form_service_impl.go:1660.2,1660.27 1 1
github.com/FamCan-RiskAssessment/Backend/internal/application/service/form_service_impl.go:1660.27,1662.3 1 0
github.com/FamCan-RiskAssessment/Backend/internal/application/service/form_service_impl.go:1663.2,1663.27 1 1
github.com/FamCan-RiskAssessment/Backend/internal/application/service/form_service_impl.go:1663.27,1665.3 1 0
github.com/FamCan-RiskAssessment/Backend/internal/application/service/form_service_impl.go:1667.2,1668.16 2 1
github.com/FamCan-RiskAssessment/Backend/internal/application/service/form_service_impl.go:1668.16,1670.3 1 0
github.com/FamCan-RiskAssessment/Backend/internal/application/service/form_service_impl.go:1673.2,1673.10 1 1
github.com/FamCan-RiskAssessment/Backend/internal/application/service/form_service_impl.go:1673.10,1675.3 1 0
github.com/FamCan-RiskAssessment/Backend/internal/application/service/form_service_impl.go:1677.2,1677.12 1 1
github.com/FamCan-RiskAssessment/Backend/internal/application/service/form_service_impl.go:1680.85,1682.16 2 1
github.com/FamCan-RiskAssessment/Backend/internal/application/service/form_service_impl.go:1682.16,1684.3 1 0
github.com/FamCan-RiskAssessment/Backend/internal/application/service/form_service_impl.go:1685.2,1685.17 1 1
github.com/FamCan-RiskAssessment/Backend/internal/application/service/form_service_impl.go:1685.17,1688.3 2 1
github.com/FamCan-RiskAssessment/Backend/internal/application/service/form_service_impl.go:1695.2,1696.16 2 1
github.com/FamCan-RiskAssessment/Backend/internal/application/service/form_service_impl.go:1696.16,1698.3 1 0
github.com/FamCan-RiskAssessment/Backend/internal/application/service/form_service_impl.go:1700.2,1700.12 1 1
github.com/FamCan-RiskAssessment/Backend/internal/application/service/form_service_impl.go:1703.139,1705.16 2 1
github.com/FamCan-RiskAssessment/Backend/internal/application/service/form_service_impl.go:1705.16,1707.3 1 0
github.com/FamCan-RiskAssessment/Backend/internal/application/service/form_service_impl.go:1709.2,1710.16 2 1
github.com/FamCan-RiskAssessment/Backend/internal/application/service/form_service_impl.go:1710.16,1712.3 1 0
github.com/FamCan-RiskAssessment/Backend/internal/application/service/form_service_impl.go:1714.2,1715.29 2 1
github.com/FamCan-RiskAssessment/Backend/internal/application/service/form_service_impl.go:1715.29,1724.3 1 1
github.com/FamCan-RiskAssessment/Backend/internal/application/service/form_service_impl.go:1726.2,1726.34 1 1
github.com/FamCan-RiskAssessment/Backend/internal/application/service/form_service_impl.go:1729.155,1731.16 2 1
github.com/FamCan-RiskAssessment/Backend/internal/application/service/form_service_impl.go:1731.16,1733.3 1 0
github.com/FamCan-RiskAssessment/Backend/internal/application/service/form_service_impl.go:1734.2,1734.21 1 1
github.com/FamCan-RiskAssessment/Backend/internal/application/service/form_service_impl.go:1734.21,1737.3 2 0
github.com/FamCan-RiskAssessment/Backend/internal/application/service/form_service_impl.go:1738.2,1739.16 2 1
github.com/FamCan-RiskAssessment/Backend/internal/application/service/form_service_impl.go:1739.16,1741.3 1 0
github.com/FamCan-RiskAssessment/Backend/internal/application/service/form_service_impl.go:1742.2,1743.33 2 1
github.com/FamCan-RiskAssessment/Backend/internal/application/service/form_service_impl.go:1743.33,1744.42 1 1
github.com/FamCan-RiskAssessment/Backend/internal/application/service/form_service_impl.go:1744.42,1746.9 2 1
github.com/FamCan-RiskAssessment/Backend/internal/application/service/form_service_impl.go:1749.2,1749.22 1 1
github.com/FamCan-RiskAssessment/Backend/internal/application/service/form_service_impl.go:1749.22,1752.3 2 0
github.com/FamCan-RiskAssessment/Backend/internal/application/service/form_service_impl.go:1754.2,1755.16 2 1
github.com/FamCan-RiskAssessment/Backend/internal/application/service/form_service_impl.go:1755.16,1757.3 1 0
github.com/FamCan-RiskAssessment/Backend/internal/application/service/form_service_impl.go:1759.2,1760.16 2 1
github.com/FamCan-RiskAssessment/Backend/internal/application/service/form_service_impl.go:1760.16,1762.3 1 0
github.com/FamCan-RiskAssessment/Backend/internal/application/service/form_service_impl.go:1764.2,1765.29 2 1
github.com/FamCan-RiskAssessment/Backend/internal/application/service/form_service_impl.go:1765.29,1774.3 1 1
github.com/FamCan-RiskAssessment/Backend/internal/application/service/form_service_impl.go:1776.2,1776.34 1 1
github.com/FamCan-RiskAssessment/Backend/internal/application/service/form_service_impl.go:1779.76,1781.16 2 1
github.com/FamCan-RiskAssessment/Backend/internal/application/service/form_service_impl.go:1781.16,1783.3 1 0
github.com/FamCan-RiskAssessment/Backend/internal/application/service/form_service_impl.go:1785.2,1785.17 1 1
github.com/FamCan-RiskAssessment/Backend/internal/application/service/form_service_impl.go:1785.17,1788.3 2 0
github.com/FamCan-RiskAssessment/Backend/internal/application/service/form_service_impl.go:1791.2,1792.16 2 1
github.com/FamCan-RiskAssessment/Backend/internal/application/service/form_service_impl.go:1792.16,1794.3 1 0
github.com/FamCan-RiskAssessment/Backend/internal/application/service/form_service_impl.go:1797.2,1800.53 2 1
github.com/FamCan-RiskAssessment/Backend/internal/application/service/form_service_impl.go:1800.53,1803.3 2 0
github.com/FamCan-RiskAssessment/Backend/internal/application/service/form_service_impl.go:1805.2,1807.16 3 1
github.com/FamCan-RiskAssessment/Backend/internal/application/service/form_service_impl.go:1807.16,1809.3 1 0
github.com/FamCan-RiskAssessment/Backend/internal/application/service/form_service_impl.go:1811.2,1811.12 1 1
github.com/FamCan-RiskAssessment/Backend/internal/application/service/form_service_impl.go:1814.76,1816.16 2 1
github.com/FamCan-RiskAssessment/Backend/internal/application/service/form_service_impl.go:1816.16,1818.3 1 0
github.com/FamCan-RiskAssessment/Backend/internal/application/service/form_service_impl.go:1820.2,1820.17 1 1
github.com/FamCan-RiskAssessment/Backend/internal/application/service/form_service_impl.go:1820.17,1823.3 2 0
github.com/FamCan-RiskAssessment/Backend/internal/application/service/form_service_impl.go:1826.2,1827.16 2 1
github.com/FamCan-RiskAssessment/Backend/internal/application/service/form_service_impl.go:1827.16,1829.3 1 0
github.com/FamCan-RiskAssessment/Backend/internal/application/service/form_service_impl.go:1832.2,1835.53 2 1
github.com/FamCan-RiskAssessment/Backend/internal/application/service/form_service_impl.go:1835.53,1838.3 2 0
github.com/FamCan-RiskAssessment/Backend/internal/application/service/form_service_impl.go:1840.2,1842.16 3 1
github.com/FamCan-RiskAssessment/Backend/internal/application/service/form_service_impl.go:1842.16,1844.3 1 0
github.com/FamCan-RiskAssessment/Backend/internal/application/service/form_service_impl.go:1846.2,1846.12 1 1
github.com/FamCan-RiskAssessment/Backend/internal/application/service/form_service_impl.go:1849.103,1851.16 2 1
github.com/FamCan-RiskAssessment/Backend/internal/application/service/form_service_impl.go:1851.16,1853.3 1 0
github.com/FamCan-RiskAssessment/Backend/internal/application/service/form_service_impl.go:1854.2,1854.17 1 1
github.com/FamCan-RiskAssessment/Backend/internal/application/service/form_service_impl.go:1854.17,1857.3 2 0
github.com/FamCan-RiskAssessment/Backend/internal/application/service/form_service_impl.go:1859.2,1860.16 2 1
github.com/FamCan-RiskAssessment/Backend/internal/application/service/form_service_impl.go:1860.16,1862.3 1 0
github.com/FamCan-RiskAssessment/Backend/internal/application/service/form_service_impl.go:1863.2,1863.10 1 1
github.com/FamCan-RiskAssessment/Backend/internal/application/service/form_service_impl.go:1863.10,1865.17 2 0
github.com/FamCan-RiskAssessment/Backend/internal/application/service/form_service_impl.go:1865.17,1867.4 1 0
github.com/FamCan-RiskAssessment/Backend/internal/application/service/form_service_impl.go:1868.3,1868.15 1 0
github.com/FamCan-RiskAssessment/Backend/internal/application/service/form_service_impl.go:1868.15,1871.4 2 0
github.com/FamCan-RiskAssessment/Backend/internal/application/service/form_service_impl.go:1879.2,1880.16 2 1
github.com/FamCan-RiskAssessment/Backend/internal/application/service/form_service_impl.go:1880.16,1882.3 1 0
github.com/FamCan-RiskAssessment/Backend/internal/application/service/form_service_impl.go:1884.2,1884.17 1 1
github.com/FamCan-RiskAssessment/Backend/internal/application/service/form_service_impl.go:1884.17,1887.3 2 1
github.com/FamCan-RiskAssessment/Backend/internal/application/service/form_service_impl.go:1889.2,1891.42 3 1
github.com/FamCan-RiskAssessment/Backend/internal/application/service/form_service_impl.go:1891.42,1893.3 1 0
github.com/FamCan-RiskAssessment/Backend/internal/application/service/form_service_impl.go:1894.2,1894.44 1 1
github.com/FamCan-RiskAssessment/Backend/internal/application/service/form_service_impl.go:1894.44,1896.3 1 0
github.com/FamCan-RiskAssessment/Backend/internal/application/service/form_service_impl.go:1897.2,1897.46 1 1
github.com/FamCan-RiskAssessment/Backend/internal/application/service/form_service_impl.go:1897.46,1899.3 1 0
github.com/FamCan-RiskAssessment/Backend/internal/application/service/form_service_impl.go:1900.2,1900.45 1 1
github.com/FamCan-RiskAssessment/Backend/internal/application/service/form_service_impl.go:1900.45,1902.3 1 0
github.com/FamCan-RiskAssessment/Backend/internal/application/service/form_service_impl.go:1903.2,1903.44 1 1
github.com/FamCan-RiskAssessment/Backend/internal/application/service/form_service_impl.go:1903.44,1905.3 1 0
github.com/FamCan-RiskAssessment/Backend/internal/application/service/form_service_impl.go:1906.2,1906.43 1 1
github.com/FamCan-RiskAssessment/Backend/internal/application/service/form_service_impl.go:1906.43,1908.3 1 0
github.com/FamCan-RiskAssessment/Backend/internal/application/service/form_service_impl.go:1909.2,1911.31 3 1
github.com/FamCan-RiskAssessment/Backend/internal/application/service/form_service_impl.go:1911.31,1913.3 1 0
github.com/FamCan-RiskAssessment/Backend/internal/application/service/form_service_impl.go:1914.2,1920.18 6 1
github.com/FamCan-RiskAssessment/Backend/internal/application/service/form_service_impl.go:1920.18,1922.3 1 0
github.com/FamCan-RiskAssessment/Backend/internal/application/service/form_service_impl.go:1922.8,1924.3 1 1
github.com/FamCan-RiskAssessment/Backend/internal/application/service/form_service_impl.go:1925.2,1925.16 1 1
github.com/FamCan-RiskAssessment/Backend/internal/application/service/form_service_impl.go:1925.16,1927.3 1 0
github.com/FamCan-RiskAssessment/Backend/internal/application/service/form_service_impl.go:1930.2,1930.10 1 1
github.com/FamCan-RiskAssessment/Backend/internal/application/service/form_service_impl.go:1930.10,1932.3 1 0
github.com/FamCan-RiskAssessment/Backend/internal/application/service/form_service_impl.go:1934.2,1934.12 1 1
github.com/FamCan-RiskAssessment/Backend/internal/application/service/form_service_impl.go:1937.97,1939.16 2 1
github.com/FamCan-RiskAssessment/Backend/internal/application/service/form_service_impl.go:1939.16,1941.3 1 0
github.com/FamCan-RiskAssessment/Backend/internal/application/service/form_service_impl.go:1942.2,1942.17 1 1
github.com/FamCan-RiskAssessment/Backend/internal/application/service/form_service_impl.go:1942.17,1945.3 2 0
github.com/FamCan-RiskAssessment/Backend/internal/application/service/form_service_impl.go:1947.2,1948.16 2 1
github.com/FamCan-RiskAssessment/Backend/internal/application/service/form_service_impl.go:1948.16,1950.3 1 0
github.com/FamCan-RiskAssessment/Backend/internal/application/service/form_service_impl.go:1951.2,1951.10 1 1
github.com/FamCan-RiskAssessment/Backend/internal/application/service/form_service_impl.go:1951.10,1953.17 2 0
github.com/FamCan-RiskAssessment/Backend/internal/application/service/form_service_impl.go:1953.17,1955.4 1 0
github.com/FamCan-RiskAssessment/Backend/internal/application/service/form_service_impl.go:1956.3,1956.15 1 0
github.com/FamCan-RiskAssessment/Backend/internal/application/service/form_service_impl.go:1956.15,1959.4 2 0
github.com/FamCan-RiskAssessment/Backend/internal/application/service/form_service_impl.go:1967.2,1968.16 2 1
github.com/FamCan-RiskAssessment/Backend/internal/application/service/form_service_impl.go:1968.16,1970.3 1 0
github.com/FamCan-RiskAssessment/Backend/internal/application/service/form_service_impl.go:1971.2,1971.17 1 1
github.com/FamCan-RiskAssessment/Backend/internal/application/service/form_service_impl.go:1971.17,1974.3 2 1
github.com/FamCan-RiskAssessment/Backend/internal/application/service/form_service_impl.go:1976.2,1976.30 1 1
github.com/FamCan-RiskAssessment/Backend/internal/application/service/form_service_impl.go:1976.30,1978.3 1 0
github.com/FamCan-RiskAssessment/Backend/internal/application/service/form_service_impl.go:1979.2,1979.32 1 1
github.com/FamCan-RiskAssessment/Backend/internal/application/service/form_service_impl.go:1979.32,1981.3 1 0
github.com/FamCan-RiskAssessment/Backend/internal/application/service/form_service_impl.go:1982.2,1984.37 3 1
github.com/FamCan-RiskAssessment/Backend/internal/application/service/form_service_impl.go:1984.37,1986.3 1 0
github.com/FamCan-RiskAssessment/Backend/internal/application/service/form_service_impl.go:1987.2,1990.40 4 1
github.com/FamCan-RiskAssessment/Backend/internal/application/service/form_service_impl.go:1990.40,1992.3 1 0
github.com/FamCan-RiskAssessment/Backend/internal/application/service/form_service_impl.go:1993.2,2002.32 10 1
github.com/FamCan-RiskAssessment/Backend/internal/application/service/form_service_impl.go:2002.32,2004.3 1 0
github.com/FamCan-RiskAssessment/Backend/internal/application/service/form_service_impl.go:2005.2,2005.34 1 1
github.com/FamCan-RiskAssessment/Backend/internal/application/service/form_service_impl.go:2005.34,2007.3 1 0
github.com/FamCan-RiskAssessment/Backend/internal/application/service/form_service_impl.go:2008.2,2013.43 6 1
github.com/FamCan-RiskAssessment/Backend/internal/application/service/form_service_impl.go:2013.43,2015.3 1 0
github.com/FamCan-RiskAssessment/Backend/internal/application/service/form_service_impl.go:2016.2,2016.40 1 1
github.com/FamCan-RiskAssessment/Backend/internal/application/service/form_service_impl.go:2016.40,2018.3 1 0
github.com/FamCan-RiskAssessment/Backend/internal/application/service/form_service_impl.go:2020.2,2020.18 1 1
github.com/FamCan-RiskAssessment/Backend/internal/application/service/form_service_impl.go:2020.18,2022.3 1 0
github.com/FamCan-RiskAssessment/Backend/internal/application/service/form_service_impl.go:2022.8,2024.3 1 1
github.com/FamCan-RiskAssessment/Backend/internal/application/service/form_service_impl.go:2025.2,2025.16 1 1
github.com/FamCan-RiskAssessment/Backend/internal/application/service/form_service_impl.go:2025.16,2027.3 1 0
github.com/FamCan-RiskAssessment/Backend/internal/application/service/form_service_impl.go:2030.2,2030.10 1 1
github.com/FamCan-RiskAssessment/Backend/internal/application/service/form_service_impl.go:2030.10,2032.3 1 0
github.com/FamCan-RiskAssessment/Backend/internal/application/service/form_service_impl.go:2034.2,2034.12 1 1
github.com/FamCan-RiskAssessment/Backend/internal/application/service/form_service_impl.go:2037.91,2039.16 2 1
github.com/FamCan-RiskAssessment/Backend/internal/application/service/form_service_impl.go:2039.16,2041.3 1 0
github.com/FamCan-RiskAssessment/Backend/internal/application/service/form_service_impl.go:2042.2,2042.17 1 1
github.com/FamCan-RiskAssessment/Backend/internal/application/service/form_service_impl.go:2042.17,2045.3 2 0
github.com/FamCan-RiskAssessment/Backend/internal/application/service/form_service_impl.go:2047.2,2048.16 2 1
github.com/FamCan-RiskAssessment/Backend/internal/application/service/form_service_impl.go:2048.16,2050.3 1 0
github.com/FamCan-RiskAssessment/Backend/internal/application/service/form_service_impl.go:2051.2,2051.10 1 1
github.com/FamCan-RiskAssessment/Backend/internal/application/service/form_service_impl.go:2051.10,2053.17 2 0
github.com/FamCan-RiskAssessment/Backend/internal/application/service/form_service_impl.go:2053.17,2055.4 1 0
github.com/FamCan-RiskAssessment/Backend/internal/application/service/form_service_impl.go:2056.3,2056.15 1 0
github.com/FamCan-RiskAssessment/Backend/internal/application/service/form_service_impl.go:2056.15,2059.4 2 0
github.com/FamCan-RiskAssessment/Backend/internal/application/service/form_service_impl.go:2067.2,2068.16 2 1
github.com/FamCan-RiskAssessment/Backend/internal/application/service/form_service_impl.go:2068.16,2070.3 1 0
github.com/FamCan-RiskAssessment/Backend/internal/application/service/form_service_impl.go:2071.2,2071.17 1 1
github.com/FamCan-RiskAssessment/Backend/internal/application/service/form_service_impl.go:2071.17,2073.3 1 1
github.com/FamCan-RiskAssessment/Backend/internal/application/service/form_service_impl.go:2076.2,2079.36 4 1
github.com/FamCan-RiskAssessment/Backend/internal/application/service/form_service_impl.go:2079.36,2081.3 1 0
github.com/FamCan-RiskAssessment/Backend/internal/application/service/form_service_impl.go:2082.2,2082.42 1 1
github.com/FamCan-RiskAssessment/Backend/internal/application/service/form_service_impl.go:2082.42,2084.3 1 0
github.com/FamCan-RiskAssessment/Backend/internal/application/service/form_service_impl.go:2085.2,2085.42 1 1
github.com/FamCan-RiskAssessment/Backend/internal/application/service/form_service_impl.go:2085.42,2087.3 1 0
github.com/FamCan-RiskAssessment/Backend/internal/application/service/form_service_impl.go:2089.2,2089.25 1 1
github.com/FamCan-RiskAssessment/Backend/internal/application/service/form_service_impl.go:2089.25,2091.3 1 0
github.com/FamCan-RiskAssessment/Backend/internal/application/service/form_service_impl.go:2092.2,2094.31 3 1
github.com/FamCan-RiskAssessment/Backend/internal/application/service/form_service_impl.go:2094.31,2096.3 1 0
github.com/FamCan-RiskAssessment/Backend/internal/application/service/form_service_impl.go:2097.2,2101.28 5 1
github.com/FamCan-RiskAssessment/Backend/internal/application/service/form_service_impl.go:2101.28,2103.3 1 0
github.com/FamCan-RiskAssessment/Backend/internal/application/service/form_service_impl.go:2104.2,2104.31 1 1
github.com/FamCan-RiskAssessment/Backend/internal/application/service/form_service_impl.go:2104.31,2106.3 1 0
github.com/FamCan-RiskAssessment/Backend/internal/application/service/form_service_impl.go:2109.2,2109.76 1 1
github.com/FamCan-RiskAssessment/Backend/internal/application/service/form_service_impl.go:2109.76,2118.124 3 0
github.com/FamCan-RiskAssessment/Backend/internal/application/service/form_service_impl.go:2118.124,2120.4 1 0
github.com/FamCan-RiskAssessment/Backend/internal/application/service/form_service_impl.go:2123.3,2123.107 1 0
github.com/FamCan-RiskAssessment/Backend/internal/application/service/form_service_impl.go:2123.107,2124.113 1 0
github.com/FamCan-RiskAssessment/Backend/internal/application/service/form_service_impl.go:2124.113,2126.5 1 0
github.com/FamCan-RiskAssessment/Backend/internal/application/service/form_service_impl.go:2131.2,2131.88 1 1
github.com/FamCan-RiskAssessment/Backend/internal/application/service/form_service_impl.go:2131.88,2139.130 3 0
github.com/FamCan-RiskAssessment/Backend/internal/application/service/form_service_impl.go:2139.130,2141.4 1 0
github.com/FamCan-RiskAssessment/Backend/internal/application/service/form_service_impl.go:2144.3,2144.125 1 0
github.com/FamCan-RiskAssessment/Backend/internal/application/service/form_service_impl.go:2144.125,2145.119 1 0
github.com/FamCan-RiskAssessment/Backend/internal/application/service/form_service_impl.go:2145.119,2147.5 1 0
github.com/FamCan-RiskAssessment/Backend/internal/application/service/form_service_impl.go:2152.2,2152.88 1 1
github.com/FamCan-RiskAssessment/Backend/internal/application/service/form_service_impl.go:2152.88,2160.130 3 0
github.com/FamCan-RiskAssessment/Backend/internal/application/service/form_service_impl.go:2160.130,2162.4 1 0
github.com/FamCan-RiskAssessment/Backend/internal/application/service/form_service_impl.go:2165.3,2165.125 1 0
github.com/FamCan-RiskAssessment/Backend/internal/application/service/form_service_impl.go:2165.125,2166.119 1 0
github.com/FamCan-RiskAssessment/Backend/internal/application/service/form_service_impl.go:2166.119,2168.5 1 0
github.com/FamCan-RiskAssessment/Backend/internal/application/service/form_service_impl.go:2172.2,2172.18 1 1
github.com/FamCan-RiskAssessment/Backend/internal/application/service/form_service_impl.go:2172.18,2174.3 1 1
github.com/FamCan-RiskAssessment/Backend/internal/application/service/form_service_impl.go:2174.8,2176.3 1 1
github.com/FamCan-RiskAssessment/Backend/internal/application/service/form_service_impl.go:2177.2,2177.16 1 1
github.com/FamCan-RiskAssessment/Backend/internal/application/service/form_service_impl.go:2177.16,2179.3 1 0
github.com/FamCan-RiskAssessment/Backend/internal/application/service/form_service_impl.go:2182.2,2182.10 1 1
github.com/FamCan-RiskAssessment/Backend/internal/application/service/form_service_impl.go:2182.10,2184.3 1 0
github.com/FamCan-RiskAssessment/Backend/internal/application/service/form_service_impl.go:2186.2,2186.12 1 1
github.com/FamCan-RiskAssessment/Backend/internal/application/service/form_service_impl.go:2189.97,2191.16 2 1
github.com/FamCan-RiskAssessment/Backend/internal/application/service/form_service_impl.go:2191.16,2193.3 1 0
github.com/FamCan-RiskAssessment/Backend/internal/application/service/form_service_impl.go:2194.2,2194.17 1 1
github.com/FamCan-RiskAssessment/Backend/internal/application/service/form_service_impl.go:2194.17,2197.3 2 0
github.com/FamCan-RiskAssessment/Backend/internal/application/service/form_service_impl.go:2199.2,2200.16 2 1
github.com/FamCan-RiskAssessment/Backend/internal/application/service/form_service_impl.go:2200.16,2202.3 1 0
github.com/FamCan-RiskAssessment/Backend/internal/application/service/form_service_impl.go:2203.2,2203.10 1 1
github.com/FamCan-RiskAssessment/Backend/internal/application/service/form_service_impl.go:2203.10,2205.17 2 0
github.com/FamCan-RiskAssessment/Backend/internal/application/service/form_service_impl.go:2205.17,2207.4 1 0
github.com/FamCan-RiskAssessment/Backend/internal/application/service/form_service_impl.go:2208.3,2208.15 1 0
github.com/FamCan-RiskAssessment/Backend/internal/application/service/form_service_impl.go:2208.15,2211.4 2 0
github.com/FamCan-RiskAssessment/Backend/internal/application/service/form_service_impl.go:2219.2,2220.16 2 1
github.com/FamCan-RiskAssessment/Backend/internal/application/service/form_service_impl.go:2220.16,2222.3 1 0
github.com/FamCan-RiskAssessment/Backend/internal/application/service/form_service_impl.go:2223.2,2223.17 1 1
github.com/FamCan-RiskAssessment/Backend/internal/application/service/form_service_impl.go:2223.17,2225.3 1 1
github.com/FamCan-RiskAssessment/Backend/internal/application/service/form_service_impl.go:2227.2,2229.33 3 1
github.com/FamCan-RiskAssessment/Backend/internal/application/service/form_service_impl.go:2229.33,2231.3 1 0
github.com/FamCan-RiskAssessment/Backend/internal/application/service/form_service_impl.go:2232.2,2233.33 2 1
github.com/FamCan-RiskAssessment/Backend/internal/application/service/form_service_impl.go:2233.33,2235.3 1 0
github.com/FamCan-RiskAssessment/Backend/internal/application/service/form_service_impl.go:2236.2,2237.29 2 1
github.com/FamCan-RiskAssessment/Backend/internal/application/service/form_service_impl.go:2237.29,2239.3 1 0
github.com/FamCan-RiskAssessment/Backend/internal/application/service/form_service_impl.go:2240.2,2243.38 4 1
github.com/FamCan-RiskAssessment/Backend/internal/application/service/form_service_impl.go:2243.38,2245.3 1 0
github.com/FamCan-RiskAssessment/Backend/internal/application/service/form_service_impl.go:2246.2,2246.39 1 1
github.com/FamCan-RiskAssessment/Backend/internal/application/service/form_service_impl.go:2246.39,2248.3 1 0
github.com/FamCan-RiskAssessment/Backend/internal/application/service/form_service_impl.go:2249.2,2249.36 1 1
github.com/FamCan-RiskAssessment/Backend/internal/application/service/form_service_impl.go:2249.36,2251.3 1 0
github.com/FamCan-RiskAssessment/Backend/internal/application/service/form_service_impl.go:2252.2,2255.42 4 1
github.com/FamCan-RiskAssessment/Backend/internal/application/service/form_service_impl.go:2255.42,2257.3 1 0
github.com/FamCan-RiskAssessment/Backend/internal/application/service/form_service_impl.go:2258.2,2260.35 3 1
github.com/FamCan-RiskAssessment/Backend/internal/application/service/form_service_impl.go:2260.35,2262.3 1 0
github.com/FamCan-RiskAssessment/Backend/internal/application/service/form_service_impl.go:2263.2,2284.36 22 1
github.com/FamCan-RiskAssessment/Backend/internal/application/service/form_service_impl.go:2284.36,2286.3 1 0
github.com/FamCan-RiskAssessment/Backend/internal/application/service/form_service_impl.go:2287.2,2289.18 2 1
github.com/FamCan-RiskAssessment/Backend/internal/application/service/form_service_impl.go:2289.18,2291.3 1 1
github.com/FamCan-RiskAssessment/Backend/internal/application/service/form_service_impl.go:2291.8,2293.3 1 1
github.com/FamCan-RiskAssessment/Backend/internal/application/service/form_service_impl.go:2294.2,2294.16 1 1
github.com/FamCan-RiskAssessment/Backend/internal/application/service/form_service_impl.go:2294.16,2296.3 1 0
github.com/FamCan-RiskAssessment/Backend/internal/application/service/form_service_impl.go:2299.2,2299.10 1 1
github.com/FamCan-RiskAssessment/Backend/internal/application/service/form_service_impl.go:2299.10,2301.3 1 0
github.com/FamCan-RiskAssessment/Backend/internal/application/service/form_service_impl.go:2303.2,2303.12 1 1
github.com/FamCan-RiskAssessment/Backend/internal/application/service/form_service_impl.go:2306.93,2308.16 2 1
github.com/FamCan-RiskAssessment/Backend/internal/application/service/form_service_impl.go:2308.16,2310.3 1 0
github.com/FamCan-RiskAssessment/Backend/internal/application/service/form_service_impl.go:2311.2,2311.17 1 1
github.com/FamCan-RiskAssessment/Backend/internal/application/service/form_service_impl.go:2311.17,2314.3 2 0
github.com/FamCan-RiskAssessment/Backend/internal/application/service/form_service_impl.go:2316.2,2317.16 2 1
github.com/FamCan-RiskAssessment/Backend/internal/application/service/form_service_impl.go:2317.16,2319.3 1 0
github.com/FamCan-RiskAssessment/Backend/internal/application/service/form_service_impl.go:2320.2,2320.21 1 1
github.com/FamCan-RiskAssessment/Backend/internal/application/service/form_service_impl.go:2320.21,2323.3 2 0
github.com/FamCan-RiskAssessment/Backend/internal/application/service/form_service_impl.go:2324.2,2325.16 2 1
github.com/FamCan-RiskAssessment/Backend/internal/application/service/form_service_impl.go:2325.16,2327.3 1 0
github.com/FamCan-RiskAssessment/Backend/internal/application/service/form_service_impl.go:2328.2,2329.33 2 1
github.com/FamCan-RiskAssessment/Backend/internal/application/service/form_service_impl.go:2329.33,2330.42 1 1
github.com/FamCan-RiskAssessment/Backend/internal/application/service/form_service_impl.go:2330.42,2332.9 2 1
github.com/FamCan-RiskAssessment/Backend/internal/application/service/form_service_impl.go:2335.2,2335.22 1 1
github.com/FamCan-RiskAssessment/Backend/internal/application/service/form_service_impl.go:2335.22,2338.3 2 0
github.com/FamCan-RiskAssessment/Backend/internal/application/service/form_service_impl.go:2340.2,2343.16 4 1
github.com/FamCan-RiskAssessment/Backend/internal/application/service/form_service_impl.go:2343.16,2345.3 1 0
github.com/FamCan-RiskAssessment/Backend/internal/application/service/form_service_impl.go:2347.2,2356.12 3 1
github.com/FamCan-RiskAssessment/Backend/internal/application/service/form_service_impl.go:2358.97,2360.16 2 1
github.com/FamCan-RiskAssessment/Backend/internal/application/service/form_service_impl.go:2360.16,2362.3 1 0
github.com/FamCan-RiskAssessment/Backend/internal/application/service/form_service_impl.go:2363.2,2363.17 1 1
github.com/FamCan-RiskAssessment/Backend/internal/application/service/form_service_impl.go:2363.17,2366.3 2 0
github.com/FamCan-RiskAssessment/Backend/internal/application/service/form_service_impl.go:2368.2,2370.16 3 1
github.com/FamCan-RiskAssessment/Backend/internal/application/service/form_service_impl.go:2370.16,2372.3 1 0
github.com/FamCan-RiskAssessment/Backend/internal/application/service/form_service_impl.go:2374.2,2382.12 3 1
github.com/FamCan-RiskAssessment/Backend/internal/application/service/form_service_impl.go:2385.88,2388.41 3 1
github.com/FamCan-RiskAssessment/Backend/internal/application/service/form_service_impl.go:2388.41,2393.3 1 1
github.com/FamCan-RiskAssessment/Backend/internal/application/service/form_service_impl.go:2394.2,2394.22 1 1
github.com/FamCan-RiskAssessment/Backend/internal/application/service/form_service_impl.go:2397.84,2400.33 3 1
github.com/FamCan-RiskAssessment/Backend/internal/application/service/form_service_impl.go:2400.33,2405.3 1 1
github.com/FamCan-RiskAssessment/Backend/internal/application/service/form_service_impl.go:2406.2,2406.22 1 1
github.com/FamCan-RiskAssessment/Backend/internal/application/service/form_service_impl.go:2409.95,2412.34 3 1
github.com/FamCan-RiskAssessment/Backend/internal/application/service/form_service_impl.go:2412.34,2417.3 1 1
github.com/FamCan-RiskAssessment/Backend/internal/application/service/form_service_impl.go:2418.2,2418.22 1 1
github.com/FamCan-RiskAssessment/Backend/internal/application/service/form_service_impl.go:2421.89,2424.34 3 1
github.com/FamCan-RiskAssessment/Backend/internal/application/service/form_service_impl.go:2424.34,2429.3 1 1
github.com/FamCan-RiskAssessment/Backend/internal/application/service/form_service_impl.go:2430.2,2430.22 1 1
github.com/FamCan-RiskAssessment/Backend/internal/application/service/form_service_impl.go:2433.104,2436.34 3 1
github.com/FamCan-RiskAssessment/Backend/internal/application/service/form_service_impl.go:2436.34,2441.3 1 1
github.com/FamCan-RiskAssessment/Backend/internal/application/service/form_service_impl.go:2442.2,2442.22 1 1
github.com/FamCan-RiskAssessment/Backend/internal/application/service/form_service_impl.go:2445.89,2448.34 3 1
github.com/FamCan-RiskAssessment/Backend/internal/application/service/form_service_impl.go:2448.34,2453.3 1 1
github.com/FamCan-RiskAssessment/Backend/internal/application/service/form_service_impl.go:2454.2,2454.22 1 1
github.com/FamCan-RiskAssessment/Backend/internal/application/service/form_service_impl.go:2457.90,2460.34 3 1
github.com/FamCan-RiskAssessment/Backend/internal/application/service/form_service_impl.go:2460.34,2465.3 1 1
github.com/FamCan-RiskAssessment/Backend/internal/application/service/form_service_impl.go:2466.2,2466.22 1 1
github.com/FamCan-RiskAssessment/Backend/internal/application/service/jwt_service_impl.go:21.15,27.16 3 1
github.com/FamCan-RiskAssessment/Backend/internal/application/service/jwt_service_impl.go:27.16,28.13 1 1
github.com/FamCan-RiskAssessment/Backend/internal/application/service/jwt_service_impl.go:31.2,31.16 1 1
github.com/FamCan-RiskAssessment/Backend/internal/application/service/jwt_service_impl.go:34.82,42.16 4 1
github.com/FamCan-RiskAssessment/Backend/internal/application/service/jwt_service_impl.go:42.16,44.3 1 0
github.com/FamCan-RiskAssessment/Backend/internal/application/service/jwt_service_impl.go:46.2,53.16 4 1
github.com/FamCan-RiskAssessment/Backend/internal/application/service/jwt_service_impl.go:53.16,55.3 1 0
github.com/FamCan-RiskAssessment/Backend/internal/application/service/jwt_service_impl.go:57.2,57.51 1 1
github.com/FamCan-RiskAssessment/Backend/internal/application/service/jwt_service_impl.go:60.88,61.83 1 1
github.com/FamCan-RiskAssessment/Backend/internal/application/service/jwt_service_impl.go:61.83,62.57 1 1
github.com/FamCan-RiskAssessment/Backend/internal/application/service/jwt_service_impl.go:62.57,64.4 1 1
github.com/FamCan-RiskAssessment/Backend/internal/application/service/jwt_service_impl.go:65.3,65.51 1 1
github.com/FamCan-RiskAssessment/Backend/internal/application/service/jwt_service_impl.go:68.2,68.16 1 1
github.com/FamCan-RiskAssessment/Backend/internal/application/service/jwt_service_impl.go:68.16,69.42 1 1
github.com/FamCan-RiskAssessment/Backend/internal/application/service/jwt_service_impl.go:69.42,71.4 1 1
github.com/FamCan-RiskAssessment/Backend/internal/application/service/jwt_service_impl.go:72.3,72.50 1 1
github.com/FamCan-RiskAssessment/Backend/internal/application/service/jwt_service_impl.go:75.2,75.18 1 1
github.com/FamCan-RiskAssessment/Backend/internal/application/service/jwt_service_impl.go:75.18,77.3 1 0
github.com/FamCan-RiskAssessment/Backend/internal/application/service/jwt_service_impl.go:79.2,80.9 2 1
github.com/FamCan-RiskAssessment/Backend/internal/application/service/jwt_service_impl.go:80.9,82.3 1 0
github.com/FamCan-RiskAssessment/Backend/internal/application/service/jwt_service_impl.go:84.2,84.20 1 1
github.com/FamCan-RiskAssessment/Backend/internal/application/service/otp_service_impl.go:23.15,29.2 1 1
github.com/FamCan-RiskAssessment/Backend/internal/application/service/otp_service_impl.go:33.78,36.38 3 1
github.com/FamCan-RiskAssessment/Backend/internal/application/service/otp_service_impl.go:36.38,38.3 1 0
github.com/FamCan-RiskAssessment/Backend/internal/application/service/otp_service_impl.go:39.2,39.32 1 1
github.com/FamCan-RiskAssessment/Backend/internal/application/service/otp_service_impl.go:39.32,41.3 1 1
github.com/FamCan-RiskAssessment/Backend/internal/application/service/otp_service_impl.go:42.2,42.60 1 1
github.com/FamCan-RiskAssessment/Backend/internal/application/service/otp_service_impl.go:45.69,48.16 3 1
github.com/FamCan-RiskAssessment/Backend/internal/application/service/otp_service_impl.go:48.16,50.3 1 1
github.com/FamCan-RiskAssessment/Backend/internal/application/service/otp_service_impl.go:52.2,52.23 1 1
github.com/FamCan-RiskAssessment/Backend/internal/application/service/otp_service_impl.go:52.23,55.3 2 1
github.com/FamCan-RiskAssessment/Backend/internal/application/service/otp_service_impl.go:56.2,56.46 1 1
github.com/FamCan-RiskAssessment/Backend/internal/application/service/otp_service_impl.go:56.46,58.3 1 1
github.com/FamCan-RiskAssessment/Backend/internal/application/service/otp_service_impl.go:59.2,60.25 2 1
github.com/FamCan-RiskAssessment/Backend/internal/application/service/user_service_impl.go:41.16,52.2 1 1
github.com/FamCan-RiskAssessment/Backend/internal/application/service/user_service_impl.go:54.80,56.16 2 1
github.com/FamCan-RiskAssessment/Backend/internal/application/service/user_service_impl.go:56.16,58.3 1 1
github.com/FamCan-RiskAssessment/Backend/internal/application/service/user_service_impl.go:59.2,59.17 1 1
github.com/FamCan-RiskAssessment/Backend/internal/application/service/user_service_impl.go:59.17,62.3 2 1
github.com/FamCan-RiskAssessment/Backend/internal/application/service/user_service_impl.go:63.2,63.18 1 1
github.com/FamCan-RiskAssessment/Backend/internal/application/service/user_service_impl.go:66.77,68.16 2 1
github.com/FamCan-RiskAssessment/Backend/internal/application/service/user_service_impl.go:68.16,70.3 1 0
github.com/FamCan-RiskAssessment/Backend/internal/application/service/user_service_impl.go:72.2,72.17 1 1
github.com/FamCan-RiskAssessment/Backend/internal/application/service/user_service_impl.go:72.17,77.17 3 1
github.com/FamCan-RiskAssessment/Backend/internal/application/service/user_service_impl.go:77.17,79.4 1 0
github.com/FamCan-RiskAssessment/Backend/internal/application/service/user_service_impl.go:80.3,81.17 2 1
github.com/FamCan-RiskAssessment/Backend/internal/application/service/user_service_impl.go:81.17,83.4 1 0
github.com/FamCan-RiskAssessment/Backend/internal/application/service/user_service_impl.go:84.3,84.25 1 1
github.com/FamCan-RiskAssessment/Backend/internal/application/service/user_service_impl.go:84.25,86.18 2 1
github.com/FamCan-RiskAssessment/Backend/internal/application/service/user_service_impl.go:86.18,88.5 1 0
github.com/FamCan-RiskAssessment/Backend/internal/application/service/user_service_impl.go:92.2,93.16 2 1
github.com/FamCan-RiskAssessment/Backend/internal/application/service/user_service_impl.go:93.16,95.3 1 1
github.com/FamCan-RiskAssessment/Backend/internal/application/service/user_service_impl.go:97.2,99.16 3 1
github.com/FamCan-RiskAssessment/Backend/internal/application/service/user_service_impl.go:99.16,101.3 1 0
github.com/FamCan-RiskAssessment/Backend/internal/application/service/user_service_impl.go:103.2,104.16 2 1
github.com/FamCan-RiskAssessment/Backend/internal/application/service/user_service_impl.go:104.16,106.3 1 1
github.com/FamCan-RiskAssessment/Backend/internal/application/service/user_service_impl.go:108.2,108.12 1 1
github.com/FamCan-RiskAssessment/Backend/internal/application/service/user_service_impl.go:111.114,114.16 3 1
github.com/FamCan-RiskAssessment/Backend/internal/application/service/user_service_impl.go:114.16,116.3 1 1
github.com/FamCan-RiskAssessment/Backend/internal/application/service/user_service_impl.go:118.2,119.16 2 1
github.com/FamCan-RiskAssessment/Backend/internal/application/service/user_service_impl.go:119.16,121.3 1 0
github.com/FamCan-RiskAssessment/Backend/internal/application/service/user_service_impl.go:123.2,123.17 1 1
github.com/FamCan-RiskAssessment/Backend/internal/application/service/user_service_impl.go:123.17,126.3 2 1
github.com/FamCan-RiskAssessment/Backend/internal/application/service/user_service_impl.go:128.2,129.16 2 0
github.com/FamCan-RiskAssessment/Backend/internal/application/service/user_service_impl.go:129.16,131.3 1 0
github.com/FamCan-RiskAssessment/Backend/internal/application/service/user_service_impl.go:133.2,134.16 2 0
github.com/FamCan-RiskAssessment/Backend/internal/application/service/user_service_impl.go:134.16,136.3 1 0
github.com/FamCan-RiskAssessment/Backend/internal/application/service/user_service_impl.go:138.2,139.16 2 0
github.com/FamCan-RiskAssessment/Backend/internal/application/service/user_service_impl.go:139.16,141.3 1 0
github.com/FamCan-RiskAssessment/Backend/internal/application/service/user_service_impl.go:143.2,149.8 1 0
github.com/FamCan-RiskAssessment/Backend/internal/application/service/user_service_impl.go:152.87,154.16 2 1
github.com/FamCan-RiskAssessment/Backend/internal/application/service/user_service_impl.go:154.16,156.3 1 1
github.com/FamCan-RiskAssessment/Backend/internal/application/service/user_service_impl.go:157.2,157.17 1 1
github.com/FamCan-RiskAssessment/Backend/internal/application/service/user_service_impl.go:157.17,160.3 2 0
github.com/FamCan-RiskAssessment/Backend/internal/application/service/user_service_impl.go:162.2,163.84 2 1
github.com/FamCan-RiskAssessment/Backend/internal/application/service/user_service_impl.go:163.84,165.3 1 0
github.com/FamCan-RiskAssessment/Backend/internal/application/service/user_service_impl.go:166.2,166.12 1 1
github.com/FamCan-RiskAssessment/Backend/internal/application/service/user_service_impl.go:169.114,172.16 2 1
github.com/FamCan-RiskAssessment/Backend/internal/application/service/user_service_impl.go:172.16,174.3 1 0
github.com/FamCan-RiskAssessment/Backend/internal/application/service/user_service_impl.go:176.2,176.17 1 1
github.com/FamCan-RiskAssessment/Backend/internal/application/service/user_service_impl.go:176.17,179.3 2 0
github.com/FamCan-RiskAssessment/Backend/internal/application/service/user_service_impl.go:181.2,181.41 1 1
github.com/FamCan-RiskAssessment/Backend/internal/application/service/user_service_impl.go:181.41,184.3 2 1
github.com/FamCan-RiskAssessment/Backend/internal/application/service/user_service_impl.go:186.2,187.16 2 0
github.com/FamCan-RiskAssessment/Backend/internal/application/service/user_service_impl.go:187.16,189.3 1 0
github.com/FamCan-RiskAssessment/Backend/internal/application/service/user_service_impl.go:191.2,192.16 2 0
github.com/FamCan-RiskAssessment/Backend/internal/application/service/user_service_impl.go:192.16,194.3 1 0
github.com/FamCan-RiskAssessment/Backend/internal/application/service/user_service_impl.go:196.2,200.8 1 0
github.com/FamCan-RiskAssessment/Backend/internal/application/service/user_service_impl.go:203.110,206.87 2 0
github.com/FamCan-RiskAssessment/Backend/internal/application/service/user_service_impl.go:206.87,208.3 1 0
github.com/FamCan-RiskAssessment/Backend/internal/application/service/user_service_impl.go:210.2,210.34 1 0
github.com/FamCan-RiskAssessment/Backend/internal/application/service/user_service_impl.go:210.34,212.17 2 0
github.com/FamCan-RiskAssessment/Backend/internal/application/service/user_service_impl.go:212.17,214.4 1 0
github.com/FamCan-RiskAssessment/Backend/internal/application/service/user_service_impl.go:215.3,215.56 1 0
github.com/FamCan-RiskAssessment/Backend/internal/application/service/user_service_impl.go:218.2,218.25 1 0
github.com/FamCan-RiskAssessment/Backend/internal/application/service/user_service_impl.go:221.109,222.93 1 0
github.com/FamCan-RiskAssessment/Backend/internal/application/service/user_service_impl.go:222.93,224.3 1 0
github.com/FamCan-RiskAssessment/Backend/internal/application/service/user_service_impl.go:225.2,226.46 2 0
github.com/FamCan-RiskAssessment/Backend/internal/application/service/user_service_impl.go:226.46,232.3 1 0
github.com/FamCan-RiskAssessment/Backend/internal/application/service/user_service_impl.go:233.2,233.25 1 0
github.com/FamCan-RiskAssessment/Backend/internal/application/service/user_service_impl.go:236.91,238.16 2 1
github.com/FamCan-RiskAssessment/Backend/internal/application/service/user_service_impl.go:238.16,240.3 1 0
github.com/FamCan-RiskAssessment/Backend/internal/application/service/user_service_impl.go:241.2,242.41 2 1
github.com/FamCan-RiskAssessment/Backend/internal/application/service/user_service_impl.go:242.41,248.3 1 1
github.com/FamCan-RiskAssessment/Backend/internal/application/service/user_service_impl.go:249.2,249.33 1 1
github.com/FamCan-RiskAssessment/Backend/internal/application/service/user_service_impl.go:252.79,254.16 2 0
github.com/FamCan-RiskAssessment/Backend/internal/application/service/user_service_impl.go:254.16,256.3 1 0
github.com/FamCan-RiskAssessment/Backend/internal/application/service/user_service_impl.go:257.2,258.29 2 0
github.com/FamCan-RiskAssessment/Backend/internal/application/service/user_service_impl.go:258.29,260.17 2 0
github.com/FamCan-RiskAssessment/Backend/internal/application/service/user_service_impl.go:260.17,262.4 1 0
github.com/FamCan-RiskAssessment/Backend/internal/application/service/user_service_impl.go:263.3,267.4 1 0
github.com/FamCan-RiskAssessment/Backend/internal/application/service/user_service_impl.go:269.2,269.27 1 0
github.com/FamCan-RiskAssessment/Backend/internal/application/service/user_service_impl.go:272.94,274.16 2 0
github.com/FamCan-RiskAssessment/Backend/internal/application/service/user_service_impl.go:274.16,276.3 1 0
github.com/FamCan-RiskAssessment/Backend/internal/application/service/user_service_impl.go:277.2,277.23 1 0
github.com/FamCan-RiskAssessment/Backend/internal/application/service/user_service_impl.go:277.23,280.3 2 0
github.com/FamCan-RiskAssessment/Backend/internal/application/service/user_service_impl.go:281.2,281.24 1 0
github.com/FamCan-RiskAssessment/Backend/internal/application/service/user_service_impl.go:284.76,286.16 2 1
github.com/FamCan-RiskAssessment/Backend/internal/application/service/user_service_impl.go:286.16,288.3 1 0
github.com/FamCan-RiskAssessment/Backend/internal/application/service/user_service_impl.go:289.2,289.17 1 1
github.com/FamCan-RiskAssessment/Backend/internal/application/service/user_service_impl.go:289.17,292.3 2 1
github.com/FamCan-RiskAssessment/Backend/internal/application/service/user_service_impl.go:293.2,293.18 1 1
github.com/FamCan-RiskAssessment/Backend/internal/application/service/user_service_impl.go:296.89,298.16 2 1
github.com/FamCan-RiskAssessment/Backend/internal/application/service/user_service_impl.go:298.16,300.3 1 0
github.com/FamCan-RiskAssessment/Backend/internal/application/service/user_service_impl.go:301.2,301.25 1 1
github.com/FamCan-RiskAssessment/Backend/internal/application/service/user_service_impl.go:301.25,305.3 3 1
github.com/FamCan-RiskAssessment/Backend/internal/application/service/user_service_impl.go:306.2,306.72 1 0
github.com/FamCan-RiskAssessment/Backend/internal/application/service/user_service_impl.go:306.72,311.17 3 0
github.com/FamCan-RiskAssessment/Backend/internal/application/service/user_service_impl.go:311.17,313.4 1 0
github.com/FamCan-RiskAssessment/Backend/internal/application/service/user_service_impl.go:315.3,316.61 2 0
github.com/FamCan-RiskAssessment/Backend/internal/application/service/user_service_impl.go:316.61,317.41 1 0
github.com/FamCan-RiskAssessment/Backend/internal/application/service/user_service_impl.go:317.41,318.13 1 0
github.com/FamCan-RiskAssessment/Backend/internal/application/service/user_service_impl.go:321.4,322.18 2 0
github.com/FamCan-RiskAssessment/Backend/internal/application/service/user_service_impl.go:322.18,324.5 1 0
github.com/FamCan-RiskAssessment/Backend/internal/application/service/user_service_impl.go:326.4,326.98 1 0
github.com/FamCan-RiskAssessment/Backend/internal/application/service/user_service_impl.go:326.98,328.5 1 0
github.com/FamCan-RiskAssessment/Backend/internal/application/service/user_service_impl.go:329.4,329.44 1 0
github.com/FamCan-RiskAssessment/Backend/internal/application/service/user_service_impl.go:332.3,332.13 1 0
github.com/FamCan-RiskAssessment/Backend/internal/application/service/user_service_impl.go:334.2,334.12 1 0
github.com/FamCan-RiskAssessment/Backend/internal/application/service/user_service_impl.go:337.91,339.16 2 1
github.com/FamCan-RiskAssessment/Backend/internal/application/service/user_service_impl.go:339.16,341.3 1 1
github.com/FamCan-RiskAssessment/Backend/internal/application/service/user_service_impl.go:343.2,344.16 2 0
github.com/FamCan-RiskAssessment/Backend/internal/application/service/user_service_impl.go:344.16,346.3 1 0
github.com/FamCan-RiskAssessment/Backend/internal/application/service/user_service_impl.go:348.2,352.8 1 0
github.com/FamCan-RiskAssessment/Backend/internal/application/service/user_service_impl.go:355.92,357.16 2 1
github.com/FamCan-RiskAssessment/Backend/internal/application/service/user_service_impl.go:357.16,359.3 1 0
github.com/FamCan-RiskAssessment/Backend/internal/application/service/user_service_impl.go:361.2,362.16 2 1
github.com/FamCan-RiskAssessment/Backend/internal/application/service/user_service_impl.go:362.16,364.3 1 0
github.com/FamCan-RiskAssessment/Backend/internal/application/service/user_service_impl.go:366.2,367.29 2 1
github.com/FamCan-RiskAssessment/Backend/internal/application/service/user_service_impl.go:367.29,372.3 1 1
github.com/FamCan-RiskAssessment/Backend/internal/application/service/user_service_impl.go:373.2,373.23 1 1
github.com/FamCan-RiskAssessment/Backend/internal/application/service/user_service_impl.go:376.91,378.16 2 1
github.com/FamCan-RiskAssessment/Backend/internal/application/service/user_service_impl.go:378.16,380.3 1 1
github.com/FamCan-RiskAssessment/Backend/internal/application/service/user_service_impl.go:382.2,382.87 1 0
github.com/FamCan-RiskAssessment/Backend/internal/application/service/user_service_impl.go:382.87,384.3 1 0
github.com/FamCan-RiskAssessment/Backend/internal/application/service/user_service_impl.go:385.2,386.34 2 0
github.com/FamCan-RiskAssessment/Backend/internal/application/service/user_service_impl.go:386.34,388.17 2 0
github.com/FamCan-RiskAssessment/Backend/internal/application/service/user_service_impl.go:388.17,390.4 1 0
github.com/FamCan-RiskAssessment/Backend/internal/application/service/user_service_impl.go:391.3,395.4 1 0
github.com/FamCan-RiskAssessment/Backend/internal/application/service/user_service_impl.go:397.2,397.19 1 0
github.com/FamCan-RiskAssessment/Backend/internal/application/service/user_service_impl.go:400.63,402.16 2 1
github.com/FamCan-RiskAssessment/Backend/internal/application/service/user_service_impl.go:402.16,404.3 1 1
github.com/FamCan-RiskAssessment/Backend/internal/application/service/user_service_impl.go:406.2,406.86 1 1
github.com/FamCan-RiskAssessment/Backend/internal/application/service/user_service_impl.go:406.86,408.3 1 0
github.com/FamCan-RiskAssessment/Backend/internal/application/service/user_service_impl.go:409.2,409.12 1 1
github.com/FamCan-RiskAssessment/Backend/internal/application/service/user_service_impl.go:412.92,414.16 2 0
github.com/FamCan-RiskAssessment/Backend/internal/application/service/user_service_impl.go:414.16,416.3 1 0
github.com/FamCan-RiskAssessment/Backend/internal/application/service/user_service_impl.go:418.2,420.60 3 0
github.com/FamCan-RiskAssessment/Backend/internal/application/service/user_service_impl.go:420.60,421.40 1 0
github.com/FamCan-RiskAssessment/Backend/internal/application/service/user_service_impl.go:421.40,422.12 1 0
github.com/FamCan-RiskAssessment/Backend/internal/application/service/user_service_impl.go:425.3,426.17 2 0
github.com/FamCan-RiskAssessment/Backend/internal/application/service/user_service_impl.go:426.17,428.4 1 0
github.com/FamCan-RiskAssessment/Backend/internal/application/service/user_service_impl.go:430.3,431.43 2 0
github.com/FamCan-RiskAssessment/Backend/internal/application/service/user_service_impl.go:434.2,434.72 1 0
github.com/FamCan-RiskAssessment/Backend/internal/application/service/user_service_impl.go:434.72,435.33 1 0
github.com/FamCan-RiskAssessment/Backend/internal/application/service/user_service_impl.go:435.33,437.74 2 0
github.com/FamCan-RiskAssessment/Backend/internal/application/service/user_service_impl.go:437.74,439.5 1 0
github.com/FamCan-RiskAssessment/Backend/internal/application/service/user_service_impl.go:442.3,442.98 1 0
github.com/FamCan-RiskAssessment/Backend/internal/application/service/user_service_impl.go:442.98,444.4 1 0
github.com/FamCan-RiskAssessment/Backend/internal/application/service/user_service_impl.go:446.3,446.13 1 0
github.com/FamCan-RiskAssessment/Backend/internal/application/service/user_service_impl.go:449.2,449.12 1 0
github.com/FamCan-RiskAssessment/Backend/internal/application/service/user_service_impl.go:452.104,454.16 2 1
github.com/FamCan-RiskAssessment/Backend/internal/application/service/user_service_impl.go:454.16,456.3 1 0
github.com/FamCan-RiskAssessment/Backend/internal/application/service/user_service_impl.go:458.2,460.50 3 1
github.com/FamCan-RiskAssessment/Backend/internal/application/service/user_service_impl.go:460.50,461.28 1 1
github.com/FamCan-RiskAssessment/Backend/internal/application/service/user_service_impl.go:461.28,462.12 1 0
github.com/FamCan-RiskAssessment/Backend/internal/application/service/user_service_impl.go:465.3,466.17 2 1
github.com/FamCan-RiskAssessment/Backend/internal/application/service/user_service_impl.go:466.17,468.4 1 0
github.com/FamCan-RiskAssessment/Backend/internal/application/service/user_service_impl.go:470.3,471.31 2 1
github.com/FamCan-RiskAssessment/Backend/internal/application/service/user_service_impl.go:474.2,474.97 1 1
github.com/FamCan-RiskAssessment/Backend/internal/application/service/user_service_impl.go:474.97,476.3 1 0
github.com/FamCan-RiskAssessment/Backend/internal/application/service/user_service_impl.go:478.2,487.12 3 1
github.com/FamCan-RiskAssessment/Backend/internal/application/service/user_service_impl.go:490.118,495.16 3 1
github.com/FamCan-RiskAssessment/Backend/internal/application/service/user_service_impl.go:495.16,497.3 1 0
github.com/FamCan-RiskAssessment/Backend/internal/application/service/user_service_impl.go:499.2,500.29 2 1
github.com/FamCan-RiskAssessment/Backend/internal/application/service/user_service_impl.go:500.29,505.3 1 1
github.com/FamCan-RiskAssessment/Backend/internal/application/service/user_service_impl.go:506.2,506.34 1 1
github.com/FamCan-RiskAssessment/Backend/internal/application/service/user_service_impl.go:509.127,511.16 2 0
github.com/FamCan-RiskAssessment/Backend/internal/application/service/user_service_impl.go:511.16,513.3 1 0
github.com/FamCan-RiskAssessment/Backend/internal/application/service/user_service_impl.go:514.2,514.23 1 0
github.com/FamCan-RiskAssessment/Backend/internal/application/service/user_service_impl.go:514.23,517.3 2 0
github.com/FamCan-RiskAssessment/Backend/internal/application/service/user_service_impl.go:519.2,520.16 2 0
github.com/FamCan-RiskAssessment/Backend/internal/application/service/user_service_impl.go:520.16,522.3 1 0
github.com/FamCan-RiskAssessment/Backend/internal/application/service/user_service_impl.go:523.2,524.29 2 0
github.com/FamCan-RiskAssessment/Backend/internal/application/service/user_service_impl.go:524.29,529.3 1 0
github.com/FamCan-RiskAssessment/Backend/internal/application/service/user_service_impl.go:530.2,530.27 1 0
github.com/FamCan-RiskAssessment/Backend/internal/application/service/user_service_impl.go:533.130,536.16 2 1
github.com/FamCan-RiskAssessment/Backend/internal/application/service/user_service_impl.go:536.16,538.3 1 1
github.com/FamCan-RiskAssessment/Backend/internal/application/service/user_service_impl.go:539.2,540.33 2 0
github.com/FamCan-RiskAssessment/Backend/internal/application/service/user_service_impl.go:540.33,541.42 1 0
github.com/FamCan-RiskAssessment/Backend/internal/application/service/user_service_impl.go:541.42,543.9 2 0
github.com/FamCan-RiskAssessment/Backend/internal/application/service/user_service_impl.go:546.2,546.22 1 0
github.com/FamCan-RiskAssessment/Backend/internal/application/service/user_service_impl.go:546.22,548.3 1 0
github.com/FamCan-RiskAssessment/Backend/internal/application/service/user_service_impl.go:551.2,552.16 2 0
github.com/FamCan-RiskAssessment/Backend/internal/application/service/user_service_impl.go:552.16,554.3 1 0
github.com/FamCan-RiskAssessment/Backend/internal/application/service/user_service_impl.go:555.2,555.17 1 0
github.com/FamCan-RiskAssessment/Backend/internal/application/service/user_service_impl.go:555.17,561.17 3 0
github.com/FamCan-RiskAssessment/Backend/internal/application/service/user_service_impl.go:561.17,563.4 1 0
github.com/FamCan-RiskAssessment/Backend/internal/application/service/user_service_impl.go:564.3,565.17 2 0
github.com/FamCan-RiskAssessment/Backend/internal/application/service/user_service_impl.go:565.17,567.4 1 0
github.com/FamCan-RiskAssessment/Backend/internal/application/service/user_service_impl.go:568.3,568.25 1 0
github.com/FamCan-RiskAssessment/Backend/internal/application/service/user_service_impl.go:568.25,570.18 2 0
github.com/FamCan-RiskAssessment/Backend/internal/application/service/user_service_impl.go:570.18,572.5 1 0
github.com/FamCan-RiskAssessment/Backend/internal/application/service/user_service_impl.go:577.2,578.16 2 0
github.com/FamCan-RiskAssessment/Backend/internal/application/service/user_service_impl.go:578.16,580.3 1 0
github.com/FamCan-RiskAssessment/Backend/internal/application/service/user_service_impl.go:583.2,585.16 3 0
github.com/FamCan-RiskAssessment/Backend/internal/application/service/user_service_impl.go:585.16,587.3 1 0
github.com/FamCan-RiskAssessment/Backend/internal/application/service/user_service_impl.go:595.2,595.12 1 0
github.com/FamCan-RiskAssessment/Backend/internal/application/service/user_service_impl.go:598.162,601.16 2 0
github.com/FamCan-RiskAssessment/Backend/internal/application/service/user_service_impl.go:601.16,603.3 1 0
github.com/FamCan-RiskAssessment/Backend/internal/application/service/user_service_impl.go:604.2,605.33 2 0
github.com/FamCan-RiskAssessment/Backend/internal/application/service/user_service_impl.go:605.33,606.42 1 0
github.com/FamCan-RiskAssessment/Backend/internal/application/service/user_service_impl.go:606.42,608.9 2 0
github.com/FamCan-RiskAssessment/Backend/internal/application/service/user_service_impl.go:611.2,611.22 1 0
github.com/FamCan-RiskAssessment/Backend/internal/application/service/user_service_impl.go:611.22,613.3 1 0
github.com/FamCan-RiskAssessment/Backend/internal/application/service/user_service_impl.go:616.2,618.16 3 0
github.com/FamCan-RiskAssessment/Backend/internal/application/service/user_service_impl.go:618.16,620.3 1 0
github.com/FamCan-RiskAssessment/Backend/internal/application/service/user_service_impl.go:623.2,624.16 2 0
github.com/FamCan-RiskAssessment/Backend/internal/application/service/user_service_impl.go:624.16,626.3 1 0
github.com/FamCan-RiskAssessment/Backend/internal/application/service/user_service_impl.go:627.2,627.17 1 0
github.com/FamCan-RiskAssessment/Backend/internal/application/service/user_service_impl.go:627.17,629.3 1 0
github.com/FamCan-RiskAssessment/Backend/internal/application/service/user_service_impl.go:632.2,637.16 5 0
github.com/FamCan-RiskAssessment/Backend/internal/application/service/user_service_impl.go:637.16,639.3 1 0
github.com/FamCan-RiskAssessment/Backend/internal/application/service/user_service_impl.go:642.2,648.8 2 0
github.com/FamCan-RiskAssessment/Backend/internal/application/service/user_service_impl.go:651.92,654.16 3 0
github.com/FamCan-RiskAssessment/Backend/internal/application/service/user_service_impl.go:654.16,656.3 1 0
github.com/FamCan-RiskAssessment/Backend/internal/application/service/user_service_impl.go:657.2,657.12 1 0
github.com/FamCan-RiskAssessment/Backend/internal/application/service/user_service_impl.go:657.12,659.3 1 0
github.com/FamCan-RiskAssessment/Backend/internal/application/service/user_service_impl.go:660.2,660.12 1 0
